Unit ID,Unit Visit Gkey,Actual Outbound Carrier visit ID,Current Yard Block,Current Slot Position,Move Complete Time
CMAU6015436,3135726,8YF180216,CWIT-4D,Y-CWIT-4D135J.5,05/28/2026 06:00
MSCU6013087,3135724,8YF180216,CWIT-3A,Y-CWIT-3A451D.5,05/28/2026 05:59
OOLU6012393,3135721,8YF180216,CWIT-4D,Y-CWIT-4D073L.5,05/28/2026 05:58
CMAU6015978,3135720,8YF180216,CWIT-3A,Y-CWIT-3A509G.3,05/28/2026 05:58
GCXU6012360,3135718,8YF180216,CWIT-4D,Y-CWIT-4D938K.1,05/28/2026 05:57
TRLU6016071,3135717,8YF180216,CWIT-4D,Y-CWIT-4D230E.5,05/28/2026 05:56
MSCU6012327,3135716,8YF180216,CWIT-4D,Y-CWIT-4D829C.6,05/28/2026 05:55
MSCU6013039,3135715,8YF180216,CWIT-4D,Y-CWIT-4D471G.1,05/28/2026 05:55
GCXU6013552,3135714,8YF180216,CWIT-4D,Y-CWIT-4D244B.1,05/28/2026 05:55
GCXU6016070,3135710,8YF180216,CWIT-4D,Y-CWIT-4D243D.6,05/28/2026 05:53
HLCU6015843,3135709,8YF180216,CWIT-4D,Y-CWIT-4D052C.6,05/28/2026 05:52
MAEU6010747,3135706,8YF180216,CWIT-2A,Y-CWIT-2A770G.1,05/28/2026 05:51
MSCU6013048,3135704,8YF180216,CWIT-4D,Y-CWIT-4D208H.5,05/28/2026 05:50
MSCU6014542,3135703,8YF180216,CWIT-4D,Y-CWIT-4D478J.1,05/28/2026 05:49
CMAU6008773,3135700,8YF180216,CWIT-3A,Y-CWIT-3A250G.5,05/28/2026 05:48
ONEY6009832,3135701,8YF180216,CWIT-4D,Y-CWIT-4D919N.4,05/28/2026 05:48
MSCU6009444,3135697,8YF180216,CWIT-3A,Y-CWIT-3A386H.3,05/28/2026 05:46
OOLU6010226,3135696,8YF180216,CWIT-4D,Y-CWIT-4D266L.1,05/28/2026 05:46
CMAU6009381,3135693,8YF180216,CWIT-4D,Y-CWIT-4D404H.4,05/28/2026 05:45
HLCU6010021,3135695,8YF180216,CWIT-4D,Y-CWIT-4D165G.1,05/28/2026 05:45
GCXU6008800,3135690,8YF180216,CWIT-4D,Y-CWIT-4D836B.6,05/28/2026 05:43
TRLU6015145,3135688,8YF180216,CWIT-4D,Y-CWIT-4D959C.1,05/28/2026 05:42
MAEU6012678,3135686,8YF180216,CWIT-4D,Y-CWIT-4D970A.1,05/28/2026 05:41
TRLU6009703,3135684,8YF180216,CWIT-2A,Y-CWIT-2A985F.1,05/28/2026 05:40
TRLU6015690,3135682,8YF180216,CWIT-4D,Y-CWIT-4D288A.5,05/28/2026 05:39
GCXU6016069,3135681,8YF180216,CWIT-4D,Y-CWIT-4D038C.5,05/28/2026 05:39
CMAU6013249,3135679,8YF180216,CWIT-4D,Y-CWIT-4D541A.3,05/28/2026 05:38
OOLU6016068,3135680,8YF180216,CWIT-4D,Y-CWIT-4D657D.2,05/28/2026 05:38
HLCU6012342,3135678,8YF180216,CWIT-4D,Y-CWIT-4D760B.1,05/28/2026 05:37
TRLU6016035,3135677,8YF180216,CWIT-4D,Y-CWIT-4D611A.5,05/28/2026 05:37
TRLU6009694,3135674,8YF180216,CWIT-4D,Y-CWIT-4D668H.6,05/28/2026 05:35
MAEU6013604,3135673,8YF180216,CWIT-4D,Y-CWIT-4D626N.1,05/28/2026 05:35
ONEY6008571,3135672,8YF180216,CWIT-4D,Y-CWIT-4D618M.5,05/28/2026 05:34
MAEU6013094,3135671,8YF180216,CWIT-4D,Y-CWIT-4D977D.4,05/28/2026 05:34
ONEY6012535,3135668,8YF180216,CWIT-4D,Y-CWIT-4D977M.1,05/28/2026 05:33
HLCU6014908,3135669,8YF180216,CWIT-4D,Y-CWIT-4D721G.3,05/28/2026 05:33
OOLU6013290,3135666,8YF180216,CWIT-3A,Y-CWIT-3A353H.1,05/28/2026 05:32
CMAU6010156,3135665,8YF180216,CWIT-4D,Y-CWIT-4D823J.5,05/28/2026 05:31
ONEY6013147,3135664,8YF180216,CWIT-4D,Y-CWIT-4D782F.1,05/28/2026 05:31
HLCU6009660,3135662,8YF180216,CWIT-4D,Y-CWIT-4D051M.3,05/28/2026 05:30
HLCU6016067,3135663,8YF180216,CWIT-4D,Y-CWIT-4D795B.5,05/28/2026 05:30
TRLU6009464,3135660,8YF180216,CWIT-5D,Y-CWIT-5D121K.2,05/28/2026 05:29
OOLU6012645,3135661,8YF180216,CWIT-1B,Y-CWIT-1B579E.5,05/28/2026 05:29
MAEU6008361,3135657,8YF180216,CWIT-4D,Y-CWIT-4D873N.1,05/28/2026 05:27
MSCU6010476,3135655,8YF180216,CWIT-4D,Y-CWIT-4D725J.5,05/28/2026 05:26
ONEY6008872,3135652,8YF180216,CWIT-4D,Y-CWIT-4D510H.2,05/28/2026 05:25
OOLU6008712,3135651,8YF180216,CWIT-4D,Y-CWIT-4D041H.3,05/28/2026 05:24
MSCU6011966,3135650,8YF180216,CWIT-4D,Y-CWIT-4D096D.1,05/28/2026 05:24
CMAU6009798,3135648,8YF180216,CWIT-4D,Y-CWIT-4D148C.2,05/28/2026 05:23
CMAU6012281,3135649,8YF180216,CWIT-1B,Y-CWIT-1B963C.1,05/28/2026 05:23
ONEY6015349,3135647,8YF180216,CWIT-4D,Y-CWIT-4D476A.1,05/28/2026 05:22
ONEY6013192,3135641,8YF180216,CWIT-3A,Y-CWIT-3A385G.4,05/28/2026 05:20
MAEU6015889,3135642,8YF180216,CWIT-4D,Y-CWIT-4D331B.1,05/28/2026 05:20
ONEY6009699,3135764,8YF180240,CWIT-2A,Y-CWIT-2A131H.3,05/28/2026 03:13
OOLU6013228,3135762,8YF180240,CWIT-2A,Y-CWIT-2A386F.4,05/28/2026 03:09
MSCU6016020,3135761,8YF180240,CWIT-2A,Y-CWIT-2A835C.6,05/28/2026 03:07
MAEU6008163,3135760,8YF180240,CWIT-2A,Y-CWIT-2A462A.2,05/28/2026 03:05
TRLU6009214,3135759,8YF180240,CWIT-2A,Y-CWIT-2A567F.6,05/28/2026 03:03
HLCU6012331,3135758,8YF180240,CWIT-3A,Y-CWIT-3A718M.6,05/28/2026 03:01
OOLU6012220,3135756,8YF180240,CWIT-2A,Y-CWIT-2A737B.6,05/28/2026 02:57
OOLU6014052,3135754,8YF180240,CWIT-4D,Y-CWIT-4D228J.5,05/28/2026 02:53
OOLU6016073,3135753,8YF180240,CWIT-2A,Y-CWIT-2A879H.4,05/28/2026 02:51
MAEU6013236,3135294,8YF180372,CWIT-5D,Y-CWIT-5D827G.1,05/27/2026 22:58
HLCU6016021,3135293,8YF180372,CWIT-4D,Y-CWIT-4D491D.3,05/27/2026 22:57
ONEY6011269,3135288,8YF180372,CWIT-2A,Y-CWIT-2A431M.1,05/27/2026 22:54
MSCU6016019,3135283,8YF180372,CWIT-4D,Y-CWIT-4D793L.5,05/27/2026 22:50
MAEU6016018,3135280,8YF180372,CWIT-4D,Y-CWIT-4D140H.4,05/27/2026 22:48
ONEY6014587,3135278,8YF180372,CWIT-4D,Y-CWIT-4D114A.6,05/27/2026 22:47
MAEU6015136,3135275,8YF180372,CWIT-5D,Y-CWIT-5D277N.2,05/27/2026 22:45
HLCU6012918,3135273,8YF180372,CWIT-4D,Y-CWIT-4D495D.5,05/27/2026 22:43
CMAU6016017,3135270,8YF180372,CWIT-4D,Y-CWIT-4D524L.5,05/27/2026 22:41
TRLU6013423,3135268,8YF180372,CWIT-4D,Y-CWIT-4D270H.4,05/27/2026 22:40
CMAU6010527,3135267,8YF180372,CWIT-4D,Y-CWIT-4D721H.4,05/27/2026 22:39
MSCU6011821,3135264,8YF180372,CWIT-5D,Y-CWIT-5D713A.5,05/27/2026 22:37
OOLU6014776,3135262,8YF180372,CWIT-4D,Y-CWIT-4D026K.1,05/27/2026 22:36
GCXU6011228,3135258,8YF180372,CWIT-4D,Y-CWIT-4D013K.2,05/27/2026 22:33
GCXU6008883,3135253,8YF180372,CWIT-3D,Y-CWIT-3D001B.2,05/27/2026 22:30
MSCU6014821,3135250,8YF180372,CWIT-1B,Y-CWIT-1B269K.1,05/27/2026 22:28
MAEU6008717,3135249,8YF180372,CWIT-4D,Y-CWIT-4D798M.2,05/27/2026 22:27
CMAU6010118,3135247,8YF180372,CWIT-1B,Y-CWIT-1B518C.2,05/27/2026 22:25
CMAU6013285,3135245,8YF180372,CWIT-3A,Y-CWIT-3A240E.6,05/27/2026 22:24
TRLU6013401,3135238,8YF180372,CWIT-3A,Y-CWIT-3A979N.3,05/27/2026 22:19
HLCU6009154,3135233,8YF180372,CWIT-3A,Y-CWIT-3A878B.5,05/27/2026 22:16
ONEY6013908,3135230,8YF180372,CWIT-3A,Y-CWIT-3A770K.4,05/27/2026 22:14
OOLU6016016,3135229,8YF180372,CWIT-3A,Y-CWIT-3A489C.3,05/27/2026 22:13
MSCU6013280,3135228,8YF180372,CWIT-3A,Y-CWIT-3A880J.4,05/27/2026 22:12
CMAU6013779,3135226,8YF180372,CWIT-3D,Y-CWIT-3D754A.2,05/27/2026 22:11
HLCU6011514,3135225,8YF180372,CWIT-3A,Y-CWIT-3A122K.1,05/27/2026 22:10
OOLU6011788,3135224,8YF180372,CWIT-3A,Y-CWIT-3A342K.4,05/27/2026 22:10
ONEY6009885,3134927,CMA180360,CWIT-4B,Y-CWIT-4B010B.5,05/27/2026 19:09
CMAU6015858,3134926,CMA180360,CWIT-4B,Y-CWIT-4B737K.6,05/27/2026 19:09
OOLU6011613,3134925,CMA180360,CWIT-4B,Y-CWIT-4B661E.1,05/27/2026 19:08
MSCU6015375,3134924,CMA180360,CWIT-1B,Y-CWIT-1B834L.3,05/27/2026 19:08
OOLU6015334,3134923,CMA180360,CWIT-4B,Y-CWIT-4B492B.6,05/27/2026 19:07
GCXU6009613,3134921,CMA180360,CWIT-4B,Y-CWIT-4B153J.1,05/27/2026 19:06
OOLU6015753,3134918,CMA180360,CWIT-1B,Y-CWIT-1B546J.6,05/27/2026 19:05
MSCU6014515,3134916,CMA180360,CWIT-2A,Y-CWIT-2A557N.4,05/27/2026 19:04
HLCU6012292,3134914,CMA180360,CWIT-4B,Y-CWIT-4B681E.1,05/27/2026 19:03
MAEU6013539,3134915,CMA180360,CWIT-4B,Y-CWIT-4B139J.3,05/27/2026 19:03
MAEU6011019,3134912,CMA180360,CWIT-3D,Y-CWIT-3D692J.3,05/27/2026 19:02
HLCU6014264,3134911,CMA180360,CWIT-4B,Y-CWIT-4B663A.6,05/27/2026 19:01
CMAU6013239,3134907,CMA180360,CWIT-3A,Y-CWIT-3A132G.6,05/27/2026 18:59
MAEU6015981,3134906,CMA180360,CWIT-4B,Y-CWIT-4B510E.1,05/27/2026 18:58
OOLU6009155,3134903,CMA180360,CWIT-5D,Y-CWIT-5D226L.4,05/27/2026 18:57
GCXU6013476,3134904,CMA180360,CWIT-4B,Y-CWIT-4B909D.1,05/27/2026 18:57
GCXU6010251,3134902,CMA180360,CWIT-3A,Y-CWIT-3A196M.2,05/27/2026 18:56
ONEY6013084,3134901,CMA180360,CWIT-4B,Y-CWIT-4B241B.3,05/27/2026 18:56
OOLU6010928,3134899,CMA180360,CWIT-4B,Y-CWIT-4B684C.3,05/27/2026 18:55
TRLU6011535,3134897,CMA180360,CWIT-4B,Y-CWIT-4B569F.2,05/27/2026 18:54
OOLU6012211,3134896,CMA180360,CWIT-5D,Y-CWIT-5D809C.6,05/27/2026 18:53
HLCU6015980,3134894,CMA180360,CWIT-4B,Y-CWIT-4B453K.1,05/27/2026 18:52
CMAU6010244,3134892,CMA180360,CWIT-4B,Y-CWIT-4B076E.6,05/27/2026 18:51
ONEY6015979,3134893,CMA180360,CWIT-4B,Y-CWIT-4B294E.2,05/27/2026 18:51
OOLU6010717,3134882,CMA180360,CWIT-2A,Y-CWIT-2A730L.5,05/27/2026 18:46
OOLU6011489,3134883,CMA180360,CWIT-4B,Y-CWIT-4B378F.4,05/27/2026 18:46
HLCU6011373,3134878,CMA180360,CWIT-4B,Y-CWIT-4B846K.4,05/27/2026 18:44
ONEY6011979,3134877,CMA180360,CWIT-4B,Y-CWIT-4B026H.2,05/27/2026 18:43
CMAU6008813,3134876,CMA180360,CWIT-3D,Y-CWIT-3D726M.4,05/27/2026 18:42
CMAU6012044,3134874,CMA180360,CWIT-3D,Y-CWIT-3D666J.6,05/27/2026 18:42
TRLU6013454,3134873,CMA180360,CWIT-5D,Y-CWIT-5D692N.1,05/27/2026 18:41
CMAU6011974,3134871,CMA180360,CWIT-3D,Y-CWIT-3D989M.3,05/27/2026 18:40
MSCU6012972,3134869,CMA180360,CWIT-4D,Y-CWIT-4D304N.1,05/27/2026 18:39
OOLU6010340,3134868,CMA180360,CWIT-3D,Y-CWIT-3D700L.2,05/27/2026 18:38
OOLU6012475,3134867,CMA180360,CWIT-3D,Y-CWIT-3D370H.1,05/27/2026 18:38
MSCU6008358,3134865,CMA180360,CWIT-3D,Y-CWIT-3D668K.2,05/27/2026 18:37
ONEY6008429,3134866,CMA180360,CWIT-1B,Y-CWIT-1B403K.5,05/27/2026 18:37
MSCU6015977,3134864,CMA180360,CWIT-3D,Y-CWIT-3D395E.5,05/27/2026 18:36
MSCU6015976,3134862,CMA180360,CWIT-3D,Y-CWIT-3D626M.6,05/27/2026 18:35
OOLU6011588,3134859,CMA180360,CWIT-3D,Y-CWIT-3D134H.4,05/27/2026 18:34
HLCU6011150,3134858,CMA180360,CWIT-3D,Y-CWIT-3D090F.6,05/27/2026 18:33
GCXU6010431,3134857,CMA180360,CWIT-4D,Y-CWIT-4D082K.4,05/27/2026 18:32
TRLU6015748,3134855,CMA180360,CWIT-4D,Y-CWIT-4D499J.4,05/27/2026 18:32
HLCU6015890,3134856,CMA180360,CWIT-2A,Y-CWIT-2A678C.4,05/27/2026 18:32
ONEY6013230,3134854,CMA180360,CWIT-2A,Y-CWIT-2A196F.6,05/27/2026 18:31
OOLU6013327,3134852,CMA180360,CWIT-3A,Y-CWIT-3A061N.6,05/27/2026 18:30
MSCU6008779,3134850,CMA180360,CWIT-3D,Y-CWIT-3D981K.4,05/27/2026 18:29
OOLU6008687,3134851,CMA180360,CWIT-3D,Y-CWIT-3D959J.5,05/27/2026 18:29
TRLU6015719,3134849,CMA180360,CWIT-3A,Y-CWIT-3A368G.2,05/27/2026 18:28
ONEY6009291,3134847,CMA180360,CWIT-3D,Y-CWIT-3D540D.5,05/27/2026 18:27
CMAU6014465,3134846,CMA180360,CWIT-1B,Y-CWIT-1B215A.1,05/27/2026 18:27
ONEY6009263,3134844,CMA180360,CWIT-3D,Y-CWIT-3D850C.1,05/27/2026 18:26
OOLU6015155,3134845,CMA180360,CWIT-3D,Y-CWIT-3D973M.1,05/27/2026 18:26
MSCU6014630,3135640,8YF180216,CWIT-3A,Y-CWIT-3A947C.5,05/27/2026 15:46
ONEY6012021,3135638,8YF180216,CWIT-3A,Y-CWIT-3A618B.2,05/27/2026 15:45
MAEU6014783,3135637,8YF180216,CWIT-3A,Y-CWIT-3A291N.6,05/27/2026 15:44
ONEY6013839,3135635,8YF180216,CWIT-5D,Y-CWIT-5D108A.2,05/27/2026 15:43
CMAU6015070,3135634,8YF180216,CWIT-3A,Y-CWIT-3A419G.4,05/27/2026 15:43
MSCU6014558,3135633,8YF180216,CWIT-2A,Y-CWIT-2A403F.6,05/27/2026 15:42
GCXU6014452,3135631,8YF180216,CWIT-3A,Y-CWIT-3A944H.4,05/27/2026 15:41
ONEY6011242,3135629,8YF180216,CWIT-3A,Y-CWIT-3A084D.4,05/27/2026 15:40
ONEY6012459,3135628,8YF180216,CWIT-3A,Y-CWIT-3A202L.1,05/27/2026 15:40
OOLU6016066,3135625,8YF180216,CWIT-3A,Y-CWIT-3A488C.4,05/27/2026 15:38
MSCU6016065,3135623,8YF180216,CWIT-3A,Y-CWIT-3A187K.1,05/27/2026 15:37
CMAU6015223,3135621,8YF180216,CWIT-1B,Y-CWIT-1B511H.5,05/27/2026 15:36
GCXU6009807,3135617,8YF180216,CWIT-3A,Y-CWIT-3A605B.1,05/27/2026 15:35
OOLU6011690,3135618,8YF180216,CWIT-3A,Y-CWIT-3A249L.4,05/27/2026 15:35
OOLU6016063,3135616,8YF180216,CWIT-3A,Y-CWIT-3A452F.1,05/27/2026 15:34
MSCU6014187,3135614,8YF180216,CWIT-3A,Y-CWIT-3A221G.1,05/27/2026 15:33
CMAU6014678,3135611,8YF180216,CWIT-1B,Y-CWIT-1B562J.1,05/27/2026 15:32
GCXU6015348,3135612,8YF180216,CWIT-2A,Y-CWIT-2A260H.1,05/27/2026 15:32
MSCU6010602,3135610,8YF180216,CWIT-3A,Y-CWIT-3A224A.4,05/27/2026 15:31
TRLU6010679,3135609,8YF180216,CWIT-3A,Y-CWIT-3A513M.5,05/27/2026 15:31
MAEU6011342,3135608,8YF180216,CWIT-3A,Y-CWIT-3A932D.3,05/27/2026 15:30
MAEU6015725,3135606,8YF180216,CWIT-3A,Y-CWIT-3A939K.3,05/27/2026 15:29
MAEU6013925,3135603,8YF180216,CWIT-4D,Y-CWIT-4D721N.4,05/27/2026 15:28
MSCU6016061,3135602,8YF180216,CWIT-3A,Y-CWIT-3A832C.3,05/27/2026 15:28
CMAU6016062,3135604,8YF180216,CWIT-3A,Y-CWIT-3A339N.2,05/27/2026 15:28
GCXU6016060,3135598,8YF180216,CWIT-3A,Y-CWIT-3A355J.5,05/27/2026 15:26
MSCU6013465,3135595,8YF180216,CWIT-3A,Y-CWIT-3A769C.1,05/27/2026 15:24
GCXU6010898,3135594,8YF180216,CWIT-3A,Y-CWIT-3A253D.2,05/27/2026 15:23
OOLU6012940,3135593,8YF180216,CWIT-3A,Y-CWIT-3A859C.5,05/27/2026 15:23
MSCU6014127,3135592,8YF180216,CWIT-1B,Y-CWIT-1B596H.5,05/27/2026 15:23
OOLU6010786,3135590,8YF180216,CWIT-3A,Y-CWIT-3A265E.2,05/27/2026 15:22
CMAU6008286,3135586,8YF180216,CWIT-4D,Y-CWIT-4D505G.1,05/27/2026 15:20
GCXU6011759,3135585,8YF180216,CWIT-3A,Y-CWIT-3A729D.3,05/27/2026 15:19
OOLU6016059,3135582,8YF180216,CWIT-3A,Y-CWIT-3A725E.6,05/27/2026 15:18
ONEY6009729,3135581,8YF180216,CWIT-3A,Y-CWIT-3A720N.6,05/27/2026 15:17
MAEU6013592,3135580,8YF180216,CWIT-3A,Y-CWIT-3A175C.5,05/27/2026 15:17
GCXU6009542,3135577,8YF180216,CWIT-3A,Y-CWIT-3A421A.1,05/27/2026 15:16
MAEU6014252,3135579,8YF180216,CWIT-3A,Y-CWIT-3A072J.1,05/27/2026 15:16
OOLU6016058,3135576,8YF180216,CWIT-3A,Y-CWIT-3A320H.6,05/27/2026 15:15
OOLU6011301,3135573,8YF180216,CWIT-3A,Y-CWIT-3A050A.1,05/27/2026 15:14
ONEY6016056,3135574,8YF180216,CWIT-3A,Y-CWIT-3A238H.4,05/27/2026 15:14
GCXU6016057,3135575,8YF180216,CWIT-3A,Y-CWIT-3A470F.4,05/27/2026 15:14
MAEU6009993,3135572,8YF180216,CWIT-3A,Y-CWIT-3A589A.4,05/27/2026 15:13
TRLU6014571,3135571,8YF180216,CWIT-3A,Y-CWIT-3A511M.1,05/27/2026 15:12
OOLU6015180,3135570,8YF180216,CWIT-3A,Y-CWIT-3A698L.4,05/27/2026 15:12
MSCU6016055,3135569,8YF180216,CWIT-1B,Y-CWIT-1B845D.3,05/27/2026 15:12
MSCU6016054,3135565,8YF180216,CWIT-1B,Y-CWIT-1B876J.2,05/27/2026 15:10
OOLU6010694,3135564,8YF180216,CWIT-4D,Y-CWIT-4D751A.1,05/27/2026 15:09
TRLU6012012,3135563,8YF180216,CWIT-4D,Y-CWIT-4D759H.4,05/27/2026 15:09
MAEU6011985,3135561,8YF180216,CWIT-1B,Y-CWIT-1B181K.5,05/27/2026 15:08
TRLU6010434,3135560,8YF180216,CWIT-1B,Y-CWIT-1B008A.5,05/27/2026 15:07
HLCU6009942,3135557,8YF180216,CWIT-1B,Y-CWIT-1B653G.2,05/27/2026 15:06
HLCU6015391,3135558,8YF180216,CWIT-5D,Y-CWIT-5D570K.2,05/27/2026 15:06
GCXU6012513,3135556,8YF180216,CWIT-1B,Y-CWIT-1B851M.1,05/27/2026 15:05
ONEY6012227,3135751,8YF180240,CWIT-4D,Y-CWIT-4D987E.1,05/27/2026 09:34
OOLU6011183,3135750,8YF180240,CWIT-4D,Y-CWIT-4D839J.5,05/27/2026 09:32
TRLU6014809,3135748,8YF180240,CWIT-2A,Y-CWIT-2A887C.1,05/27/2026 09:27
HLCU6016047,3135745,8YF180240,CWIT-2A,Y-CWIT-2A034C.2,05/27/2026 09:20
OOLU6011742,3135741,8YF180240,CWIT-2A,Y-CWIT-2A624J.4,05/27/2026 09:10
HLCU6015783,3135740,8YF180240,CWIT-5D,Y-CWIT-5D800B.1,05/27/2026 09:07
CMAU6009787,3135214,8YF180372,CWIT-3A,Y-CWIT-3A607H.5,05/27/2026 07:16
MSCU6016015,3135213,8YF180372,CWIT-3A,Y-CWIT-3A029D.6,05/27/2026 07:15
MAEU6011398,3135211,8YF180372,CWIT-3A,Y-CWIT-3A920C.5,05/27/2026 07:13
MAEU6016014,3135208,8YF180372,CWIT-3A,Y-CWIT-3A139G.6,05/27/2026 07:11
ONEY6016013,3135206,8YF180372,CWIT-3A,Y-CWIT-3A740L.4,05/27/2026 07:10
OOLU6012324,3135205,8YF180372,CWIT-3A,Y-CWIT-3A416J.5,05/27/2026 07:09
ONEY6010836,3135201,8YF180372,CWIT-3A,Y-CWIT-3A831N.3,05/27/2026 07:06
CMAU6015411,3134175,CQN180252,CWIT-3A,Y-CWIT-3A396G.3,05/27/2026 07:06
MSCU6015520,3135199,8YF180372,CWIT-3A,Y-CWIT-3A732B.1,05/27/2026 07:05
GCXU6012310,3134172,CQN180252,CWIT-3A,Y-CWIT-3A577D.6,05/27/2026 07:04
MAEU6008920,3135195,8YF180372,CWIT-2A,Y-CWIT-2A480B.2,05/27/2026 07:02
GCXU6009294,3134164,CQN180252,CWIT-1B,Y-CWIT-1B462N.6,05/27/2026 06:58
ONEY6010835,3135190,8YF180372,CWIT-3D,Y-CWIT-3D638A.3,05/27/2026 06:58
MAEU6009503,3135187,8YF180372,CWIT-3A,Y-CWIT-3A464J.6,05/27/2026 06:56
MAEU6013270,3134160,CQN180252,CWIT-3A,Y-CWIT-3A386N.6,05/27/2026 06:55
TRLU6015319,3135184,8YF180372,CWIT-3A,Y-CWIT-3A715J.4,05/27/2026 06:54
TRLU6011191,3135183,8YF180372,CWIT-4D,Y-CWIT-4D993D.4,05/27/2026 06:53
MAEU6010707,3135182,8YF180372,CWIT-3A,Y-CWIT-3A886F.6,05/27/2026 06:52
OOLU6008913,3135181,8YF180372,CWIT-3A,Y-CWIT-3A240J.5,05/27/2026 06:51
GCXU6010843,3134154,CQN180252,CWIT-3A,Y-CWIT-3A701E.3,05/27/2026 06:51
OOLU6014693,3134153,CQN180252,CWIT-3A,Y-CWIT-3A305G.1,05/27/2026 06:51
ONEY6009868,3135177,8YF180372,CWIT-3A,Y-CWIT-3A603J.3,05/27/2026 06:49
CMAU6014086,3134151,CQN180252,CWIT-5D,Y-CWIT-5D333E.2,05/27/2026 06:49
GCXU6014671,3134148,CQN180252,CWIT-4D,Y-CWIT-4D986K.6,05/27/2026 06:48
TRLU6011393,3135175,8YF180372,CWIT-3A,Y-CWIT-3A819D.6,05/27/2026 06:47
MAEU6015667,3134147,CQN180252,CWIT-1B,Y-CWIT-1B463G.4,05/27/2026 06:47
HLCU6008835,3135174,8YF180372,CWIT-3A,Y-CWIT-3A553J.2,05/27/2026 06:46
GCXU6016012,3135173,8YF180372,CWIT-3A,Y-CWIT-3A333E.5,05/27/2026 06:46
HLCU6008384,3134144,CQN180252,CWIT-3A,Y-CWIT-3A012G.4,05/27/2026 06:45
HLCU6016011,3135171,8YF180372,CWIT-3A,Y-CWIT-3A979M.5,05/27/2026 06:44
TRLU6009078,3134141,CQN180252,CWIT-3A,Y-CWIT-3A146D.3,05/27/2026 06:43
GCXU6010036,3135170,8YF180372,CWIT-3A,Y-CWIT-3A444N.5,05/27/2026 06:43
OOLU6012428,3134138,CQN180252,CWIT-2A,Y-CWIT-2A140L.3,05/27/2026 06:41
ONEY6012964,3134136,CQN180252,CWIT-3A,Y-CWIT-3A542J.1,05/27/2026 06:40
MSCU6010663,3135162,8YF180372,CWIT-3A,Y-CWIT-3A288N.6,05/27/2026 06:38
GCXU6012508,3134132,CQN180252,CWIT-5D,Y-CWIT-5D347N.2,05/27/2026 06:37
CMAU6012636,3135161,8YF180372,CWIT-3A,Y-CWIT-3A672L.6,05/27/2026 06:37
MAEU6014069,3135157,8YF180372,CWIT-3A,Y-CWIT-3A902H.5,05/27/2026 06:34
MSCU6015888,3134128,CQN180252,CWIT-4D,Y-CWIT-4D862L.6,05/27/2026 06:34
OOLU6009589,3134124,CQN180252,CWIT-3A,Y-CWIT-3A532N.2,05/27/2026 06:32
TRLU6008518,3134123,CQN180252,CWIT-3A,Y-CWIT-3A899E.4,05/27/2026 06:31
ONEY6016010,3135150,8YF180372,CWIT-3A,Y-CWIT-3A022C.6,05/27/2026 06:29
GCXU6013407,3134119,CQN180252,CWIT-3A,Y-CWIT-3A940D.1,05/27/2026 06:28
MAEU6015887,3134118,CQN180252,CWIT-3A,Y-CWIT-3A143G.3,05/27/2026 06:28
CMAU6015886,3134117,CQN180252,CWIT-3A,Y-CWIT-3A890J.2,05/27/2026 06:27
OOLU6010144,3134114,CQN180252,CWIT-3A,Y-CWIT-3A590K.6,05/27/2026 06:25
CMAU6009264,3134113,CQN180252,CWIT-3A,Y-CWIT-3A999B.6,05/27/2026 06:24
MSCU6009949,3134105,CQN180252,CWIT-2A,Y-CWIT-2A927J.5,05/27/2026 06:19
MAEU6009731,3134838,CMA180360,CWIT-4D,Y-CWIT-4D697C.6,05/27/2026 04:26
GCXU6012757,3134837,CMA180360,CWIT-3D,Y-CWIT-3D250E.6,05/27/2026 04:26
ONEY6015365,3134836,CMA180360,CWIT-3D,Y-CWIT-3D594N.6,05/27/2026 04:26
GCXU6012089,3134834,CMA180360,CWIT-3D,Y-CWIT-3D294F.2,05/27/2026 04:25
TRLU6008642,3134832,CMA180360,CWIT-3D,Y-CWIT-3D613H.1,05/27/2026 04:24
OOLU6015975,3134830,CMA180360,CWIT-3D,Y-CWIT-3D106B.1,05/27/2026 04:23
HLCU6015616,3134828,CMA180360,CWIT-3D,Y-CWIT-3D567N.2,05/27/2026 04:22
ONEY6015974,3134829,CMA180360,CWIT-3D,Y-CWIT-3D471J.2,05/27/2026 04:22
MAEU6009324,3134824,CMA180360,CWIT-3D,Y-CWIT-3D831D.5,05/27/2026 04:20
TRLU6013803,3134823,CMA180360,CWIT-5D,Y-CWIT-5D202M.4,05/27/2026 04:19
OOLU6013748,3134819,CMA180360,CWIT-3D,Y-CWIT-3D579H.6,05/27/2026 04:17
CMAU6012806,3134816,CMA180360,CWIT-3D,Y-CWIT-3D028F.6,05/27/2026 04:16
GCXU6009443,3134811,CMA180360,CWIT-5D,Y-CWIT-5D413H.5,05/27/2026 04:14
MAEU6014747,3134812,CMA180360,CWIT-2A,Y-CWIT-2A298N.6,05/27/2026 04:14
HLCU6008593,3134810,CMA180360,CWIT-3D,Y-CWIT-3D772J.1,05/27/2026 04:13
GCXU6011123,3134809,CMA180360,CWIT-3D,Y-CWIT-3D009L.3,05/27/2026 04:13
GCXU6015941,3134807,CMA180360,CWIT-3D,Y-CWIT-3D177G.3,05/27/2026 04:12
MAEU6015859,3134808,CMA180360,CWIT-1B,Y-CWIT-1B088C.3,05/27/2026 04:12
TRLU6015936,3134502,CMA180276,CWIT-4D,Y-CWIT-4D847J.3,05/27/2026 04:11
ONEY6008471,3134499,CMA180276,CWIT-4D,Y-CWIT-4D747H.4,05/27/2026 04:10
CMAU6015611,3134803,CMA180360,CWIT-2A,Y-CWIT-2A444L.5,05/27/2026 04:10
MSCU6015935,3134501,CMA180276,CWIT-4D,Y-CWIT-4D023K.4,05/27/2026 04:10
OOLU6008934,3134802,CMA180360,CWIT-3D,Y-CWIT-3D497B.6,05/27/2026 04:09
MSCU6014593,3134801,CMA180360,CWIT-3D,Y-CWIT-3D821J.2,05/27/2026 04:09
MSCU6015934,3134498,CMA180276,CWIT-4D,Y-CWIT-4D291K.6,05/27/2026 04:09
OOLU6015933,3134497,CMA180276,CWIT-4D,Y-CWIT-4D617E.3,05/27/2026 04:09
CMAU6015542,3134496,CMA180276,CWIT-1B,Y-CWIT-1B705E.4,05/27/2026 04:08
CMAU6008622,3134492,CMA180276,CWIT-2A,Y-CWIT-2A179C.3,05/27/2026 04:07
GCXU6015820,3134797,CMA180360,CWIT-4D,Y-CWIT-4D689G.1,05/27/2026 04:07
TRLU6010863,3134491,CMA180276,CWIT-4D,Y-CWIT-4D638L.3,05/27/2026 04:06
TRLU6011454,3134796,CMA180360,CWIT-5D,Y-CWIT-5D119K.1,05/27/2026 04:06
TRLU6008530,3134489,CMA180276,CWIT-4D,Y-CWIT-4D212B.3,05/27/2026 04:05
MSCU6008829,3134794,CMA180360,CWIT-3D,Y-CWIT-3D182C.4,05/27/2026 04:05
TRLU6009609,3134487,CMA180276,CWIT-4D,Y-CWIT-4D741C.6,05/27/2026 04:05
MAEU6008879,3134789,CMA180360,CWIT-1B,Y-CWIT-1B380G.5,05/27/2026 04:03
GCXU6010922,3134790,CMA180360,CWIT-2A,Y-CWIT-2A827D.5,05/27/2026 04:03
HLCU6013271,3134484,CMA180276,CWIT-4D,Y-CWIT-4D025D.2,05/27/2026 04:03
OOLU6014095,3134788,CMA180360,CWIT-3D,Y-CWIT-3D555C.2,05/27/2026 04:03
OOLU6008253,3134787,CMA180360,CWIT-3D,Y-CWIT-3D034M.5,05/27/2026 04:02
MSCU6010242,3134480,CMA180276,CWIT-4D,Y-CWIT-4D604K.3,05/27/2026 04:02
TRLU6015931,3134479,CMA180276,CWIT-4D,Y-CWIT-4D933M.3,05/27/2026 04:01
ONEY6010296,3134477,CMA180276,CWIT-4D,Y-CWIT-4D263C.3,05/27/2026 04:00
CMAU6013739,3134782,CMA180360,CWIT-3D,Y-CWIT-3D168B.2,05/27/2026 04:00
MSCU6015930,3134474,CMA180276,CWIT-4D,Y-CWIT-4D322K.4,05/27/2026 03:59
GCXU6008868,3134472,CMA180276,CWIT-1B,Y-CWIT-1B345A.1,05/27/2026 03:58
HLCU6008303,3134469,CMA180276,CWIT-4D,Y-CWIT-4D490D.4,05/27/2026 03:57
ONEY6010035,3134468,CMA180276,CWIT-4D,Y-CWIT-4D814A.3,05/27/2026 03:57
TRLU6011443,3134777,CMA180360,CWIT-1B,Y-CWIT-1B858N.1,05/27/2026 03:57
TRLU6008649,3134775,CMA180360,CWIT-4D,Y-CWIT-4D888N.2,05/27/2026 03:56
MSCU6011673,3134773,CMA180360,CWIT-3A,Y-CWIT-3A246H.6,05/27/2026 03:56
CMAU6015814,3134465,CMA180276,CWIT-5D,Y-CWIT-5D627M.4,05/27/2026 03:56
MAEU6015851,3134467,CMA180276,CWIT-2A,Y-CWIT-2A134F.4,05/27/2026 03:56
GCXU6015929,3134466,CMA180276,CWIT-4D,Y-CWIT-4D232B.1,05/27/2026 03:56
CMAU6008203,3134464,CMA180276,CWIT-4D,Y-CWIT-4D049D.3,05/27/2026 03:55
OOLU6010794,3134772,CMA180360,CWIT-1B,Y-CWIT-1B646C.3,05/27/2026 03:55
ONEY6015147,3134463,CMA180276,CWIT-4D,Y-CWIT-4D524A.2,05/27/2026 03:55
ONEY6008199,3134462,CMA180276,CWIT-4D,Y-CWIT-4D957C.2,05/27/2026 03:54
GCXU6015973,3134768,CMA180360,CWIT-3D,Y-CWIT-3D497F.2,05/27/2026 03:53
MSCU6015928,3134460,CMA180276,CWIT-4D,Y-CWIT-4D160M.5,05/27/2026 03:53
HLCU6015972,3134767,CMA180360,CWIT-3D,Y-CWIT-3D424F.6,05/27/2026 03:53
MAEU6009809,3134765,CMA180360,CWIT-3D,Y-CWIT-3D801A.5,05/27/2026 03:52
MAEU6011748,3134766,CMA180360,CWIT-3D,Y-CWIT-3D334F.5,05/27/2026 03:52
ONEY6013252,3134457,CMA180276,CWIT-4D,Y-CWIT-4D925H.6,05/27/2026 03:52
GCXU6008704,3134455,CMA180276,CWIT-4D,Y-CWIT-4D876J.4,05/27/2026 03:51
MAEU6011080,3134763,CMA180360,CWIT-3D,Y-CWIT-3D480B.3,05/27/2026 03:51
CMAU6015927,3134454,CMA180276,CWIT-4D,Y-CWIT-4D516E.6,05/27/2026 03:51
HLCU6013468,3134761,CMA180360,CWIT-1B,Y-CWIT-1B078C.5,05/27/2026 03:50
CMAU6015699,3134762,CMA180360,CWIT-1B,Y-CWIT-1B128D.4,05/27/2026 03:50
CMAU6015926,3134453,CMA180276,CWIT-4D,Y-CWIT-4D852N.1,05/27/2026 03:50
OOLU6011066,3134760,CMA180360,CWIT-4D,Y-CWIT-4D600F.3,05/27/2026 03:49
CMAU6012643,3134450,CMA180276,CWIT-4D,Y-CWIT-4D669C.6,05/27/2026 03:49
CMAU6014697,3134449,CMA180276,CWIT-4D,Y-CWIT-4D769A.6,05/27/2026 03:49
OOLU6013915,3134447,CMA180276,CWIT-4D,Y-CWIT-4D025H.1,05/27/2026 03:48
GCXU6012008,3134444,CMA180276,CWIT-5D,Y-CWIT-5D939G.1,05/27/2026 03:47
MSCU6015914,3134445,CMA180276,CWIT-3A,Y-CWIT-3A312K.1,05/27/2026 03:47
GCXU6012823,3134442,CMA180276,CWIT-3A,Y-CWIT-3A584J.4,05/27/2026 03:46
OOLU6015925,3134443,CMA180276,CWIT-3A,Y-CWIT-3A384A.1,05/27/2026 03:46
GCXU6012404,3134441,CMA180276,CWIT-3A,Y-CWIT-3A981H.5,05/27/2026 03:45
HLCU6012834,3134440,CMA180276,CWIT-3A,Y-CWIT-3A695N.1,05/27/2026 03:45
CMAU6015923,3134434,CMA180276,CWIT-3A,Y-CWIT-3A923H.4,05/27/2026 03:43
HLCU6009718,3134429,CMA180276,CWIT-4D,Y-CWIT-4D938H.2,05/27/2026 03:41
CMAU6012663,3134431,CMA180276,CWIT-3A,Y-CWIT-3A848J.3,05/27/2026 03:41
GCXU6013724,3134425,CMA180276,CWIT-3A,Y-CWIT-3A460D.5,05/27/2026 03:39
HLCU6011825,3134422,CMA180276,CWIT-3A,Y-CWIT-3A137F.4,05/27/2026 03:38
CMAU6012328,3134424,CMA180276,CWIT-3A,Y-CWIT-3A202A.5,05/27/2026 03:38
TRLU6009191,3135554,8YF180216,CWIT-1B,Y-CWIT-1B330J.3,05/27/2026 01:07
CMAU6014038,3135553,8YF180216,CWIT-1B,Y-CWIT-1B619K.6,05/27/2026 01:06
TRLU6015815,3135549,8YF180216,CWIT-3A,Y-CWIT-3A511L.6,05/27/2026 01:04
ONEY6015867,3135548,8YF180216,CWIT-4D,Y-CWIT-4D551H.3,05/27/2026 01:03
ONEY6014357,3135547,8YF180216,CWIT-1B,Y-CWIT-1B913C.2,05/27/2026 01:02
OOLU6011008,3135545,8YF180216,CWIT-3A,Y-CWIT-3A375N.6,05/27/2026 01:01
MAEU6011498,3135544,8YF180216,CWIT-3A,Y-CWIT-3A247A.2,05/27/2026 01:01
HLCU6014191,3135541,8YF180216,CWIT-1B,Y-CWIT-1B842F.5,05/27/2026 00:59
GCXU6012625,3135540,8YF180216,CWIT-5D,Y-CWIT-5D109G.3,05/27/2026 00:58
HLCU6015168,3135538,8YF180216,CWIT-1B,Y-CWIT-1B681J.3,05/27/2026 00:57
CMAU6013707,3135531,8YF180216,CWIT-1B,Y-CWIT-1B600D.5,05/27/2026 00:53
CMAU6015140,3135527,8YF180216,CWIT-1B,Y-CWIT-1B489N.1,05/27/2026 00:50
OOLU6015897,3135525,8YF180216,CWIT-3A,Y-CWIT-3A422A.1,05/27/2026 00:49
OOLU6016053,3135524,8YF180216,CWIT-1B,Y-CWIT-1B679G.5,05/27/2026 00:49
GCXU6016052,3135523,8YF180216,CWIT-1B,Y-CWIT-1B047F.5,05/27/2026 00:48
HLCU6016051,3135522,8YF180216,CWIT-1B,Y-CWIT-1B509E.6,05/27/2026 00:47
TRLU6011558,3135519,8YF180216,CWIT-3A,Y-CWIT-3A924M.2,05/27/2026 00:45
ONEY6016050,3135518,8YF180216,CWIT-1B,Y-CWIT-1B644H.6,05/27/2026 00:45
CMAU6015359,3135517,8YF180216,CWIT-1B,Y-CWIT-1B229H.4,05/27/2026 00:44
MAEU6009236,3135515,8YF180216,CWIT-1B,Y-CWIT-1B788H.1,05/27/2026 00:43
OOLU6013993,3135514,8YF180216,CWIT-1B,Y-CWIT-1B915M.4,05/27/2026 00:42
HLCU6008981,3135511,8YF180216,CWIT-1B,Y-CWIT-1B932K.6,05/27/2026 00:41
MSCU6008109,3135509,8YF180216,CWIT-1B,Y-CWIT-1B659D.5,05/27/2026 00:39
MSCU6012978,3135507,8YF180216,CWIT-1B,Y-CWIT-1B709D.6,05/27/2026 00:38
MSCU6010869,3135505,8YF180216,CWIT-1B,Y-CWIT-1B529K.4,05/27/2026 00:37
ONEY6014656,3135501,8YF180216,CWIT-1B,Y-CWIT-1B181N.4,05/27/2026 00:35
MAEU6014376,3135498,8YF180216,CWIT-1B,Y-CWIT-1B633B.4,05/27/2026 00:33
MSCU6008201,3135496,8YF180216,CWIT-1B,Y-CWIT-1B627E.5,05/27/2026 00:31
GCXU6015150,3135495,8YF180216,CWIT-1B,Y-CWIT-1B268E.2,05/27/2026 00:31
TRLU6008916,3135494,8YF180216,CWIT-1B,Y-CWIT-1B973D.5,05/27/2026 00:30
CMAU6008930,3135493,8YF180216,CWIT-1B,Y-CWIT-1B112J.2,05/27/2026 00:30
HLCU6008756,3135492,8YF180216,CWIT-1B,Y-CWIT-1B947L.4,05/27/2026 00:29
OOLU6010911,3135489,8YF180216,CWIT-1B,Y-CWIT-1B193A.2,05/27/2026 00:27
MSCU6012354,3135487,8YF180216,CWIT-1B,Y-CWIT-1B922H.1,05/27/2026 00:26
MSCU6016049,3135486,8YF180216,CWIT-1B,Y-CWIT-1B935A.6,05/27/2026 00:25
OOLU6016048,3135484,8YF180216,CWIT-1B,Y-CWIT-1B988G.6,05/27/2026 00:24
MSCU6011544,3135477,8YF180216,CWIT-1B,Y-CWIT-1B835L.1,05/27/2026 00:20
ONEY6014871,3135475,8YF180216,CWIT-5D,Y-CWIT-5D056E.1,05/27/2026 00:19
HLCU6011101,3135474,8YF180216,CWIT-5D,Y-CWIT-5D633L.4,05/27/2026 00:18
GCXU6012942,3135471,8YF180216,CWIT-5D,Y-CWIT-5D554H.6,05/27/2026 00:16
HLCU6012270,3134103,CQN180252,CWIT-3A,Y-CWIT-3A063L.3,05/26/2026 16:21
HLCU6008222,3134097,CQN180252,CWIT-4D,Y-CWIT-4D319A.2,05/26/2026 16:17
TRLU6012641,3134096,CQN180252,CWIT-1B,Y-CWIT-1B927J.5,05/26/2026 16:16
ONEY6008457,3134092,CQN180252,CWIT-5D,Y-CWIT-5D290D.3,05/26/2026 16:12
OOLU6014829,3134090,CQN180252,CWIT-1B,Y-CWIT-1B879M.5,05/26/2026 16:11
MAEU6010807,3134085,CQN180252,CWIT-1B,Y-CWIT-1B733E.4,05/26/2026 16:06
TRLU6015460,3134082,CQN180252,CWIT-3A,Y-CWIT-3A544A.6,05/26/2026 16:04
TRLU6009470,3134078,CQN180252,CWIT-1B,Y-CWIT-1B662C.3,05/26/2026 16:01
MSCU6014992,3134075,CQN180252,CWIT-1B,Y-CWIT-1B263F.3,05/26/2026 15:58
ONEY6009822,3134072,CQN180252,CWIT-1B,Y-CWIT-1B104H.1,05/26/2026 15:55
MAEU6012122,3134071,CQN180252,CWIT-1B,Y-CWIT-1B625N.5,05/26/2026 15:55
MSCU6015885,3134069,CQN180252,CWIT-1B,Y-CWIT-1B129E.3,05/26/2026 15:53
GCXU6014665,3134068,CQN180252,CWIT-1B,Y-CWIT-1B302D.6,05/26/2026 15:52
MSCU6013999,3134065,CQN180252,CWIT-1B,Y-CWIT-1B746B.2,05/26/2026 15:50
GCXU6015884,3134060,CQN180252,CWIT-1B,Y-CWIT-1B260G.4,05/26/2026 15:45
ONEY6016009,3135149,8YF180372,CWIT-3A,Y-CWIT-3A741K.3,05/26/2026 15:45
CMAU6009877,3134058,CQN180252,CWIT-1B,Y-CWIT-1B806A.1,05/26/2026 15:44
OOLU6015787,3135147,8YF180372,CWIT-5D,Y-CWIT-5D539G.3,05/26/2026 15:44
MAEU6008139,3135146,8YF180372,CWIT-3A,Y-CWIT-3A981A.5,05/26/2026 15:43
MAEU6010849,3135145,8YF180372,CWIT-3A,Y-CWIT-3A700K.6,05/26/2026 15:43
OOLU6013307,3134057,CQN180252,CWIT-1B,Y-CWIT-1B426L.3,05/26/2026 15:43
TRLU6009099,3135142,8YF180372,CWIT-3A,Y-CWIT-3A858F.2,05/26/2026 15:41
MSCU6016007,3135140,8YF180372,CWIT-3A,Y-CWIT-3A767H.4,05/26/2026 15:41
ONEY6016008,3135141,8YF180372,CWIT-3A,Y-CWIT-3A691M.3,05/26/2026 15:41
OOLU6012118,3135139,8YF180372,CWIT-3A,Y-CWIT-3A599C.3,05/26/2026 15:40
ONEY6014427,3135138,8YF180372,CWIT-1B,Y-CWIT-1B731C.2,05/26/2026 15:40
TRLU6011291,3135137,8YF180372,CWIT-1B,Y-CWIT-1B814L.4,05/26/2026 15:39
ONEY6011797,3134053,CQN180252,CWIT-1B,Y-CWIT-1B061J.5,05/26/2026 15:39
CMAU6011948,3134052,CQN180252,CWIT-1B,Y-CWIT-1B647B.4,05/26/2026 15:39
HLCU6016006,3135136,8YF180372,CWIT-1B,Y-CWIT-1B846F.2,05/26/2026 15:39
MAEU6011046,3134050,CQN180252,CWIT-1B,Y-CWIT-1B187E.6,05/26/2026 15:37
TRLU6009152,3135130,8YF180372,CWIT-1B,Y-CWIT-1B866L.1,05/26/2026 15:36
OOLU6015556,3135131,8YF180372,CWIT-3A,Y-CWIT-3A273F.3,05/26/2026 15:36
OOLU6013950,3135127,8YF180372,CWIT-1B,Y-CWIT-1B529B.3,05/26/2026 15:35
TRLU6015883,3134047,CQN180252,CWIT-1B,Y-CWIT-1B515G.5,05/26/2026 15:35
HLCU6016004,3135126,8YF180372,CWIT-1B,Y-CWIT-1B830F.4,05/26/2026 15:34
MSCU6010570,3135124,8YF180372,CWIT-4D,Y-CWIT-4D023F.6,05/26/2026 15:33
HLCU6012664,3135123,8YF180372,CWIT-1B,Y-CWIT-1B485K.2,05/26/2026 15:33
CMAU6016003,3135122,8YF180372,CWIT-1B,Y-CWIT-1B855J.4,05/26/2026 15:33
OOLU6014150,3135120,8YF180372,CWIT-1B,Y-CWIT-1B424L.4,05/26/2026 15:32
ONEY6015231,3134042,CQN180252,CWIT-1B,Y-CWIT-1B743N.5,05/26/2026 15:30
OOLU6016002,3135116,8YF180372,CWIT-1B,Y-CWIT-1B335K.3,05/26/2026 15:30
CMAU6010348,3134039,CQN180252,CWIT-1B,Y-CWIT-1B793G.5,05/26/2026 15:28
MSCU6014579,3135113,8YF180372,CWIT-1B,Y-CWIT-1B812L.1,05/26/2026 15:28
CMAU6014171,3134038,CQN180252,CWIT-1B,Y-CWIT-1B601E.4,05/26/2026 15:27
HLCU6016001,3135110,8YF180372,CWIT-1B,Y-CWIT-1B551N.3,05/26/2026 15:27
ONEY6013850,3134037,CQN180252,CWIT-1B,Y-CWIT-1B305B.5,05/26/2026 15:26
HLCU6014995,3135109,8YF180372,CWIT-1B,Y-CWIT-1B126F.2,05/26/2026 15:26
ONEY6015786,3134036,CQN180252,CWIT-1B,Y-CWIT-1B120C.6,05/26/2026 15:25
GCXU6016000,3135106,8YF180372,CWIT-1B,Y-CWIT-1B152L.3,05/26/2026 15:25
MAEU6008022,3135104,8YF180372,CWIT-4D,Y-CWIT-4D876F.3,05/26/2026 15:24
ONEY6010822,3135105,8YF180372,CWIT-1B,Y-CWIT-1B414B.2,05/26/2026 15:24
TRLU6009188,3134032,CQN180252,CWIT-1B,Y-CWIT-1B476J.4,05/26/2026 15:22
MAEU6015881,3134031,CQN180252,CWIT-1B,Y-CWIT-1B976L.4,05/26/2026 15:21
MSCU6011426,3134030,CQN180252,CWIT-1B,Y-CWIT-1B408A.5,05/26/2026 15:20
TRLU6012468,3135096,8YF180372,CWIT-1B,Y-CWIT-1B800H.2,05/26/2026 15:20
ONEY6015999,3135092,8YF180372,CWIT-1B,Y-CWIT-1B146D.1,05/26/2026 15:19
TRLU6008583,3135091,8YF180372,CWIT-1B,Y-CWIT-1B073G.1,05/26/2026 15:18
HLCU6008085,3135089,8YF180372,CWIT-1B,Y-CWIT-1B366A.6,05/26/2026 15:17
ONEY6015682,3135088,8YF180372,CWIT-5D,Y-CWIT-5D286D.5,05/26/2026 15:17
CMAU6015998,3135085,8YF180372,CWIT-1B,Y-CWIT-1B926B.2,05/26/2026 15:15
CMAU6011385,3135081,8YF180372,CWIT-1B,Y-CWIT-1B248N.6,05/26/2026 15:13
GCXU6015997,3135080,8YF180372,CWIT-1B,Y-CWIT-1B298B.2,05/26/2026 15:13
MAEU6013061,3135077,8YF180372,CWIT-1B,Y-CWIT-1B788E.6,05/26/2026 15:12
HLCU6015400,3134757,CMA180360,CWIT-5D,Y-CWIT-5D803M.2,05/26/2026 14:14
TRLU6008973,3134753,CMA180360,CWIT-4D,Y-CWIT-4D446B.4,05/26/2026 14:13
MSCU6013114,3134754,CMA180360,CWIT-2A,Y-CWIT-2A794N.2,05/26/2026 14:13
CMAU6009282,3134751,CMA180360,CWIT-4D,Y-CWIT-4D952D.6,05/26/2026 14:12
ONEY6011214,3134750,CMA180360,CWIT-4D,Y-CWIT-4D163E.3,05/26/2026 14:11
GCXU6011453,3134748,CMA180360,CWIT-1B,Y-CWIT-1B422D.4,05/26/2026 14:10
HLCU6011179,3134746,CMA180360,CWIT-4D,Y-CWIT-4D108M.4,05/26/2026 14:09
CMAU6015903,3134743,CMA180360,CWIT-1B,Y-CWIT-1B792N.5,05/26/2026 14:08
OOLU6011448,3134742,CMA180360,CWIT-4D,Y-CWIT-4D831L.1,05/26/2026 14:07
OOLU6015970,3134740,CMA180360,CWIT-4D,Y-CWIT-4D173L.4,05/26/2026 14:06
ONEY6012537,3134738,CMA180360,CWIT-4D,Y-CWIT-4D419M.5,05/26/2026 14:05
TRLU6010534,3134735,CMA180360,CWIT-1B,Y-CWIT-1B405J.2,05/26/2026 14:04
MSCU6014782,3134736,CMA180360,CWIT-2A,Y-CWIT-2A430H.3,05/26/2026 14:04
TRLU6013383,3134731,CMA180360,CWIT-4D,Y-CWIT-4D364M.1,05/26/2026 14:02
ONEY6008343,3134729,CMA180360,CWIT-4D,Y-CWIT-4D531M.3,05/26/2026 14:01
OOLU6015538,3134726,CMA180360,CWIT-5D,Y-CWIT-5D791K.6,05/26/2026 14:00
ONEY6013157,3134725,CMA180360,CWIT-4D,Y-CWIT-4D602C.5,05/26/2026 13:59
OOLU6015967,3134722,CMA180360,CWIT-4D,Y-CWIT-4D402N.4,05/26/2026 13:58
TRLU6010941,3134721,CMA180360,CWIT-4D,Y-CWIT-4D544A.1,05/26/2026 13:57
CMAU6014282,3134719,CMA180360,CWIT-4D,Y-CWIT-4D278G.1,05/26/2026 13:56
ONEY6009569,3134419,CMA180276,CWIT-3A,Y-CWIT-3A913D.2,05/26/2026 13:55
OOLU6015966,3134716,CMA180360,CWIT-4D,Y-CWIT-4D910G.4,05/26/2026 13:55
OOLU6009095,3134715,CMA180360,CWIT-4D,Y-CWIT-4D641M.1,05/26/2026 13:54
HLCU6010358,3134417,CMA180276,CWIT-3A,Y-CWIT-3A871N.6,05/26/2026 13:54
OOLU6014906,3134415,CMA180276,CWIT-3A,Y-CWIT-3A630M.3,05/26/2026 13:54
MSCU6015965,3134712,CMA180360,CWIT-4D,Y-CWIT-4D595D.6,05/26/2026 13:53
MSCU6008509,3134709,CMA180360,CWIT-4D,Y-CWIT-4D200D.6,05/26/2026 13:52
MSCU6014916,3134410,CMA180276,CWIT-3A,Y-CWIT-3A697G.3,05/26/2026 13:52
TRLU6015505,3134411,CMA180276,CWIT-3A,Y-CWIT-3A410C.6,05/26/2026 13:52
OOLU6015964,3134710,CMA180360,CWIT-4D,Y-CWIT-4D640L.2,05/26/2026 13:52
GCXU6008107,3134408,CMA180276,CWIT-3A,Y-CWIT-3A388F.1,05/26/2026 13:51
GCXU6009467,3134409,CMA180276,CWIT-3A,Y-CWIT-3A223D.2,05/26/2026 13:51
CMAU6013877,3134406,CMA180276,CWIT-3A,Y-CWIT-3A171E.5,05/26/2026 13:50
ONEY6015963,3134707,CMA180360,CWIT-4D,Y-CWIT-4D381F.1,05/26/2026 13:50
MSCU6012987,3134704,CMA180360,CWIT-2A,Y-CWIT-2A730G.1,05/26/2026 13:49
MSCU6009932,3134700,CMA180360,CWIT-4D,Y-CWIT-4D133H.1,05/26/2026 13:47
GCXU6013580,3134699,CMA180360,CWIT-4D,Y-CWIT-4D751C.5,05/26/2026 13:47
HLCU6008007,3134397,CMA180276,CWIT-3A,Y-CWIT-3A993G.5,05/26/2026 13:46
GCXU6012413,3134395,CMA180276,CWIT-5D,Y-CWIT-5D879D.1,05/26/2026 13:46
HLCU6015414,3134696,CMA180360,CWIT-5D,Y-CWIT-5D311B.2,05/26/2026 13:45
GCXU6015962,3134695,CMA180360,CWIT-4D,Y-CWIT-4D368L.2,05/26/2026 13:45
HLCU6015922,3134393,CMA180276,CWIT-3A,Y-CWIT-3A596B.1,05/26/2026 13:44
MSCU6015961,3134693,CMA180360,CWIT-4D,Y-CWIT-4D594N.4,05/26/2026 13:44
HLCU6011688,3134390,CMA180276,CWIT-5D,Y-CWIT-5D565M.6,05/26/2026 13:43
ONEY6014892,3134389,CMA180276,CWIT-4D,Y-CWIT-4D545C.1,05/26/2026 13:43
CMAU6015960,3134692,CMA180360,CWIT-4D,Y-CWIT-4D181G.6,05/26/2026 13:43
OOLU6015300,3134386,CMA180276,CWIT-1B,Y-CWIT-1B596J.4,05/26/2026 13:42
MSCU6010761,3134384,CMA180276,CWIT-3A,Y-CWIT-3A624K.2,05/26/2026 13:41
TRLU6011091,3134385,CMA180276,CWIT-5D,Y-CWIT-5D809C.4,05/26/2026 13:41
ONEY6009453,3134383,CMA180276,CWIT-5D,Y-CWIT-5D294K.1,05/26/2026 13:40
TRLU6010473,3134685,CMA180360,CWIT-3A,Y-CWIT-3A947K.3,05/26/2026 13:40
OOLU6013126,3134381,CMA180276,CWIT-3A,Y-CWIT-3A138N.6,05/26/2026 13:40
MAEU6015959,3134686,CMA180360,CWIT-4D,Y-CWIT-4D558L.5,05/26/2026 13:40
ONEY6015921,3134382,CMA180276,CWIT-3A,Y-CWIT-3A423A.5,05/26/2026 13:40
HLCU6011501,3134379,CMA180276,CWIT-3A,Y-CWIT-3A598A.4,05/26/2026 13:39
OOLU6012121,3134682,CMA180360,CWIT-4D,Y-CWIT-4D953C.2,05/26/2026 13:39
MSCU6009352,3134376,CMA180276,CWIT-3A,Y-CWIT-3A974J.6,05/26/2026 13:38
MSCU6014119,3134681,CMA180360,CWIT-2A,Y-CWIT-2A965N.4,05/26/2026 13:38
GCXU6009678,3134679,CMA180360,CWIT-4D,Y-CWIT-4D294E.5,05/26/2026 13:37
TRLU6015915,3134374,CMA180276,CWIT-3A,Y-CWIT-3A671K.4,05/26/2026 13:37
GCXU6015958,3134678,CMA180360,CWIT-4D,Y-CWIT-4D971N.6,05/26/2026 13:37
GCXU6008304,3134677,CMA180360,CWIT-4D,Y-CWIT-4D502N.3,05/26/2026 13:36
OOLU6008789,3134372,CMA180276,CWIT-3A,Y-CWIT-3A515L.6,05/26/2026 13:36
OOLU6008084,3134369,CMA180276,CWIT-3A,Y-CWIT-3A280J.4,05/26/2026 13:35
ONEY6015957,3134675,CMA180360,CWIT-5D,Y-CWIT-5D465G.6,05/26/2026 13:35
GCXU6012847,3134362,CMA180276,CWIT-3A,Y-CWIT-3A622C.4,05/26/2026 13:32
TRLU6015920,3134361,CMA180276,CWIT-3A,Y-CWIT-3A411A.5,05/26/2026 13:31
OOLU6013188,3134356,CMA180276,CWIT-2A,Y-CWIT-2A241E.4,05/26/2026 13:29
TRLU6013255,3134354,CMA180276,CWIT-4D,Y-CWIT-4D830C.4,05/26/2026 13:29
CMAU6014464,3134353,CMA180276,CWIT-2A,Y-CWIT-2A110L.5,05/26/2026 13:28
TRLU6009792,3134349,CMA180276,CWIT-4D,Y-CWIT-4D354M.3,05/26/2026 13:26
OOLU6015918,3134348,CMA180276,CWIT-1B,Y-CWIT-1B802H.1,05/26/2026 13:26
HLCU6013638,3134345,CMA180276,CWIT-5D,Y-CWIT-5D917A.5,05/26/2026 13:25
ONEY6015917,3134343,CMA180276,CWIT-1B,Y-CWIT-1B892A.6,05/26/2026 13:24
GCXU6016072,3135735,8YF180240,CWIT-2A,Y-CWIT-2A063E.2,05/26/2026 13:23
MSCU6012289,3135734,8YF180240,CWIT-2A,Y-CWIT-2A259M.1,05/26/2026 13:18
OOLU6014104,3135733,8YF180240,CWIT-2A,Y-CWIT-2A080B.1,05/26/2026 13:12
HLCU6011665,3135731,8YF180240,CWIT-2A,Y-CWIT-2A275N.3,05/26/2026 13:02
MAEU6012666,3135729,8YF180240,CWIT-2A,Y-CWIT-2A747D.1,05/26/2026 12:52
MAEU6009783,3135728,8YF180240,CWIT-2A,Y-CWIT-2A456D.3,05/26/2026 12:47
HLCU6015861,3133874,HLC180336,CWIT-3D,Y-CWIT-3D861C.6,05/26/2026 11:05
MSCU6008428,3133870,HLC180336,CWIT-1B,Y-CWIT-1B705H.5,05/26/2026 11:03
OOLU6011334,3133860,HLC180336,CWIT-3D,Y-CWIT-3D767K.1,05/26/2026 10:58
TRLU6012239,3133858,HLC180336,CWIT-3D,Y-CWIT-3D838B.2,05/26/2026 10:58
MSCU6011603,3133854,HLC180336,CWIT-3D,Y-CWIT-3D771H.3,05/26/2026 10:56
MSCU6011157,3133853,HLC180336,CWIT-3D,Y-CWIT-3D492K.5,05/26/2026 10:55
ONEY6010223,3133851,HLC180336,CWIT-3A,Y-CWIT-3A314E.4,05/26/2026 10:54
MAEU6010665,3133848,HLC180336,CWIT-3D,Y-CWIT-3D690M.1,05/26/2026 10:53
MSCU6015856,3133847,HLC180336,CWIT-3D,Y-CWIT-3D758H.4,05/26/2026 10:52
MSCU6012602,3133845,HLC180336,CWIT-3D,Y-CWIT-3D739M.5,05/26/2026 10:51
HLCU6014647,3133844,HLC180336,CWIT-4D,Y-CWIT-4D527M.2,05/26/2026 10:51
MAEU6009525,3133840,HLC180336,CWIT-1B,Y-CWIT-1B585C.6,05/26/2026 10:49
OOLU6013088,3133837,HLC180336,CWIT-5D,Y-CWIT-5D229A.2,05/26/2026 10:48
TRLU6008969,3133834,HLC180336,CWIT-3A,Y-CWIT-3A935G.6,05/26/2026 10:46
ONEY6008155,3133830,HLC180336,CWIT-4D,Y-CWIT-4D747L.1,05/26/2026 10:45
CMAU6012072,3133827,HLC180336,CWIT-4D,Y-CWIT-4D652A.1,05/26/2026 10:43
ONEY6014852,3133826,HLC180336,CWIT-4D,Y-CWIT-4D678M.3,05/26/2026 10:43
MSCU6012066,3133825,HLC180336,CWIT-4D,Y-CWIT-4D264L.2,05/26/2026 10:42
CMAU6015854,3133822,HLC180336,CWIT-4D,Y-CWIT-4D918E.5,05/26/2026 10:41
MAEU6015853,3133818,HLC180336,CWIT-4D,Y-CWIT-4D735K.4,05/26/2026 10:39
ONEY6013402,3133815,HLC180336,CWIT-4D,Y-CWIT-4D818A.3,05/26/2026 10:37
OOLU6014968,3133813,HLC180336,CWIT-4D,Y-CWIT-4D516D.3,05/26/2026 10:37
TRLU6013032,3133809,HLC180336,CWIT-4D,Y-CWIT-4D397N.6,05/26/2026 10:35
CMAU6014694,3133810,HLC180336,CWIT-4D,Y-CWIT-4D917E.2,05/26/2026 10:35
CMAU6011121,3133804,HLC180336,CWIT-4D,Y-CWIT-4D606C.1,05/26/2026 10:32
OOLU6014414,3133802,HLC180336,CWIT-2A,Y-CWIT-2A847G.5,05/26/2026 10:32
GCXU6016045,3135464,8YF180216,CWIT-5D,Y-CWIT-5D673G.5,05/26/2026 10:09
ONEY6016044,3135460,8YF180216,CWIT-5D,Y-CWIT-5D065J.2,05/26/2026 10:06
MSCU6016043,3135458,8YF180216,CWIT-5D,Y-CWIT-5D667L.3,05/26/2026 10:04
CMAU6015911,3135454,8YF180216,CWIT-4D,Y-CWIT-4D967C.2,05/26/2026 10:01
CMAU6008528,3135453,8YF180216,CWIT-1B,Y-CWIT-1B508H.3,05/26/2026 10:00
MSCU6016042,3135451,8YF180216,CWIT-5D,Y-CWIT-5D221B.1,05/26/2026 09:59
HLCU6009350,3135448,8YF180216,CWIT-5D,Y-CWIT-5D354C.4,05/26/2026 09:56
ONEY6013219,3135447,8YF180216,CWIT-5D,Y-CWIT-5D584J.4,05/26/2026 09:55
TRLU6016041,3135446,8YF180216,CWIT-5D,Y-CWIT-5D535J.2,05/26/2026 09:55
MAEU6016040,3135444,8YF180216,CWIT-5D,Y-CWIT-5D769L.1,05/26/2026 09:53
CMAU6015481,3135443,8YF180216,CWIT-5D,Y-CWIT-5D301J.6,05/26/2026 09:52
OOLU6008276,3135442,8YF180216,CWIT-1B,Y-CWIT-1B986J.2,05/26/2026 09:51
HLCU6012790,3135441,8YF180216,CWIT-3A,Y-CWIT-3A573L.6,05/26/2026 09:50
CMAU6012434,3135439,8YF180216,CWIT-5D,Y-CWIT-5D691D.6,05/26/2026 09:49
GCXU6012490,3135437,8YF180216,CWIT-5D,Y-CWIT-5D330F.3,05/26/2026 09:47
MSCU6013727,3135430,8YF180216,CWIT-5D,Y-CWIT-5D641G.2,05/26/2026 09:42
OOLU6016039,3135431,8YF180216,CWIT-5D,Y-CWIT-5D136L.3,05/26/2026 09:42
ONEY6011712,3135424,8YF180216,CWIT-1B,Y-CWIT-1B672H.2,05/26/2026 09:37
MAEU6016038,3135419,8YF180216,CWIT-5D,Y-CWIT-5D515K.6,05/26/2026 09:33
CMAU6016037,3135418,8YF180216,CWIT-5D,Y-CWIT-5D092D.5,05/26/2026 09:32
ONEY6013378,3135415,8YF180216,CWIT-4D,Y-CWIT-4D355F.3,05/26/2026 09:29
MAEU6010238,3135411,8YF180216,CWIT-5D,Y-CWIT-5D874C.3,05/26/2026 09:26
MAEU6013849,3135410,8YF180216,CWIT-5D,Y-CWIT-5D296H.2,05/26/2026 09:25
MSCU6010100,3135407,8YF180216,CWIT-5D,Y-CWIT-5D961M.5,05/26/2026 09:23
TRLU6009141,3135405,8YF180216,CWIT-4D,Y-CWIT-4D990F.5,05/26/2026 09:21
ONEY6010187,3135404,8YF180216,CWIT-5D,Y-CWIT-5D463B.1,05/26/2026 09:20
GCXU6013002,3135401,8YF180216,CWIT-5D,Y-CWIT-5D324J.6,05/26/2026 09:18
GCXU6011164,3135399,8YF180216,CWIT-5D,Y-CWIT-5D078D.2,05/26/2026 09:16
CMAU6014425,3135397,8YF180216,CWIT-2A,Y-CWIT-2A571N.6,05/26/2026 09:15
OOLU6016034,3135395,8YF180216,CWIT-5D,Y-CWIT-5D446H.6,05/26/2026 09:13
HLCU6011086,3135392,8YF180216,CWIT-5D,Y-CWIT-5D703L.2,05/26/2026 09:11
CMAU6009111,3135390,8YF180216,CWIT-5D,Y-CWIT-5D820G.2,05/26/2026 09:09
TRLU6013982,3135389,8YF180216,CWIT-5D,Y-CWIT-5D569G.1,05/26/2026 09:08
GCXU6014956,3135387,8YF180216,CWIT-2A,Y-CWIT-2A974K.6,05/26/2026 09:07
MSCU6013392,3135386,8YF180216,CWIT-5D,Y-CWIT-5D211F.6,05/26/2026 09:06
CMAU6011569,3135384,8YF180216,CWIT-5D,Y-CWIT-5D141J.6,05/26/2026 09:04
MSCU6009127,3135383,8YF180216,CWIT-5D,Y-CWIT-5D676D.2,05/26/2026 09:03
GCXU6012491,3135073,8YF180372,CWIT-1B,Y-CWIT-1B721A.4,05/26/2026 03:01
MSCU6009667,3135072,8YF180372,CWIT-1B,Y-CWIT-1B997C.5,05/26/2026 03:00
CMAU6015996,3135071,8YF180372,CWIT-1B,Y-CWIT-1B078H.2,05/26/2026 02:59
CMAU6008738,3135062,8YF180372,CWIT-1B,Y-CWIT-1B378F.5,05/26/2026 02:55
OOLU6015995,3135060,8YF180372,CWIT-1B,Y-CWIT-1B168J.5,05/26/2026 02:54
TRLU6015994,3135053,8YF180372,CWIT-1B,Y-CWIT-1B549L.5,05/26/2026 02:51
GCXU6015993,3135050,8YF180372,CWIT-1B,Y-CWIT-1B815L.1,05/26/2026 02:49
TRLU6012586,3135046,8YF180372,CWIT-2A,Y-CWIT-2A272D.2,05/26/2026 02:47
OOLU6014988,3135045,8YF180372,CWIT-1B,Y-CWIT-1B048M.5,05/26/2026 02:47
CMAU6008531,3135044,8YF180372,CWIT-3A,Y-CWIT-3A409F.3,05/26/2026 02:46
HLCU6013144,3135043,8YF180372,CWIT-1B,Y-CWIT-1B773F.5,05/26/2026 02:46
GCXU6010279,3135038,8YF180372,CWIT-1B,Y-CWIT-1B445D.2,05/26/2026 02:44
MSCU6010125,3135029,8YF180372,CWIT-2A,Y-CWIT-2A959F.2,05/26/2026 02:39
CMAU6013356,3135027,8YF180372,CWIT-2A,Y-CWIT-2A117F.1,05/26/2026 02:38
ONEY6015805,3135015,8YF180372,CWIT-5D,Y-CWIT-5D900K.5,05/26/2026 02:32
HLCU6008797,3135012,8YF180372,CWIT-2A,Y-CWIT-2A337M.6,05/26/2026 02:31
GCXU6014405,3135010,8YF180372,CWIT-2A,Y-CWIT-2A924N.4,05/26/2026 02:30
TRLU6014140,3135009,8YF180372,CWIT-2A,Y-CWIT-2A314K.3,05/26/2026 02:29
TRLU6015992,3135006,8YF180372,CWIT-2A,Y-CWIT-2A397E.2,05/26/2026 02:28
CMAU6015991,3135003,8YF180372,CWIT-2A,Y-CWIT-2A017H.6,05/26/2026 02:26
CMAU6008804,3134027,CQN180252,CWIT-1B,Y-CWIT-1B014L.6,05/26/2026 00:37
CMAU6012956,3134019,CQN180252,CWIT-4D,Y-CWIT-4D468L.3,05/26/2026 00:32
OOLU6014504,3134009,CQN180252,CWIT-1B,Y-CWIT-1B446L.5,05/26/2026 00:27
GCXU6010463,3134008,CQN180252,CWIT-1B,Y-CWIT-1B725H.6,05/26/2026 00:26
MSCU6014243,3134001,CQN180252,CWIT-1B,Y-CWIT-1B507H.4,05/26/2026 00:22
MAEU6013440,3133995,CQN180252,CWIT-1B,Y-CWIT-1B349A.2,05/26/2026 00:19
MAEU6014420,3133993,CQN180252,CWIT-2A,Y-CWIT-2A006H.4,05/26/2026 00:18
GCXU6014074,3133991,CQN180252,CWIT-2A,Y-CWIT-2A059J.2,05/26/2026 00:17
TRLU6015879,3133990,CQN180252,CWIT-2A,Y-CWIT-2A399H.6,05/26/2026 00:16
CMAU6011652,3133985,CQN180252,CWIT-2A,Y-CWIT-2A895A.1,05/26/2026 00:13
GCXU6015878,3133984,CQN180252,CWIT-2A,Y-CWIT-2A166C.3,05/26/2026 00:13
MAEU6015876,3133975,CQN180252,CWIT-2A,Y-CWIT-2A165H.1,05/26/2026 00:08
CMAU6015865,3133972,CQN180252,CWIT-3D,Y-CWIT-3D072E.5,05/26/2026 00:06
CMAU6009682,3133971,CQN180252,CWIT-2A,Y-CWIT-2A387J.1,05/26/2026 00:05
MAEU6012657,3133959,CQN180252,CWIT-2A,Y-CWIT-2A929E.3,05/25/2026 23:59
TRLU6014064,3133954,CQN180252,CWIT-3D,Y-CWIT-3D728G.5,05/25/2026 23:56
ONEY6007980,3134672,CMA180360,CWIT-5D,Y-CWIT-5D090D.6,05/25/2026 23:52
MAEU6014155,3134667,CMA180360,CWIT-5D,Y-CWIT-5D637J.1,05/25/2026 23:49
MAEU6015564,3134665,CMA180360,CWIT-5D,Y-CWIT-5D388F.4,05/25/2026 23:48
ONEY6015341,3134664,CMA180360,CWIT-5D,Y-CWIT-5D342F.5,05/25/2026 23:47
HLCU6015953,3134660,CMA180360,CWIT-5D,Y-CWIT-5D559A.2,05/25/2026 23:45
OOLU6014141,3134658,CMA180360,CWIT-5D,Y-CWIT-5D247A.3,05/25/2026 23:44
ONEY6015952,3134657,CMA180360,CWIT-5D,Y-CWIT-5D420B.5,05/25/2026 23:43
MSCU6015951,3134652,CMA180360,CWIT-5D,Y-CWIT-5D831G.5,05/25/2026 23:40
MSCU6008790,3134649,CMA180360,CWIT-5D,Y-CWIT-5D664N.6,05/25/2026 23:39
HLCU6012658,3134650,CMA180360,CWIT-5D,Y-CWIT-5D414H.4,05/25/2026 23:39
HLCU6008782,3134644,CMA180360,CWIT-5D,Y-CWIT-5D344A.1,05/25/2026 23:36
MAEU6014520,3134645,CMA180360,CWIT-4D,Y-CWIT-4D837L.3,05/25/2026 23:36
CMAU6015950,3134639,CMA180360,CWIT-5D,Y-CWIT-5D443K.4,05/25/2026 23:33
MAEU6012399,3134638,CMA180360,CWIT-5D,Y-CWIT-5D101D.3,05/25/2026 23:32
ONEY6015307,3134634,CMA180360,CWIT-5D,Y-CWIT-5D403F.1,05/25/2026 23:30
ONEY6015949,3134633,CMA180360,CWIT-5D,Y-CWIT-5D771L.6,05/25/2026 23:30
MSCU6015945,3134626,CMA180360,CWIT-2A,Y-CWIT-2A925L.1,05/25/2026 23:26
MAEU6010349,3134624,CMA180360,CWIT-5D,Y-CWIT-5D379E.3,05/25/2026 23:24
GCXU6014005,3134621,CMA180360,CWIT-5D,Y-CWIT-5D725G.5,05/25/2026 23:23
ONEY6015946,3134622,CMA180360,CWIT-5D,Y-CWIT-5D257G.2,05/25/2026 23:23
HLCU6009739,3134620,CMA180360,CWIT-1B,Y-CWIT-1B833D.5,05/25/2026 23:22
OOLU6014245,3134619,CMA180360,CWIT-5D,Y-CWIT-5D443N.3,05/25/2026 23:22
CMAU6011553,3134616,CMA180360,CWIT-5D,Y-CWIT-5D158K.3,05/25/2026 23:20
GCXU6011379,3134614,CMA180360,CWIT-5D,Y-CWIT-5D420N.3,05/25/2026 23:19
TRLU6010056,3134613,CMA180360,CWIT-5D,Y-CWIT-5D462K.3,05/25/2026 23:18
TRLU6013572,3134611,CMA180360,CWIT-5D,Y-CWIT-5D734A.6,05/25/2026 23:17
CMAU6011903,3134610,CMA180360,CWIT-5D,Y-CWIT-5D815M.1,05/25/2026 23:16
CMAU6012715,3134605,CMA180360,CWIT-4D,Y-CWIT-4D787F.4,05/25/2026 23:14
GCXU6015943,3134603,CMA180360,CWIT-2A,Y-CWIT-2A216F.3,05/25/2026 23:13
HLCU6010669,3134602,CMA180360,CWIT-4D,Y-CWIT-4D229E.5,05/25/2026 23:12
HLCU6009066,3134601,CMA180360,CWIT-2A,Y-CWIT-2A015A.1,05/25/2026 23:11
MAEU6015811,3134599,CMA180360,CWIT-1B,Y-CWIT-1B872L.6,05/25/2026 23:10
ONEY6009368,3134596,CMA180360,CWIT-2A,Y-CWIT-2A753L.5,05/25/2026 23:08
HLCU6012921,3134595,CMA180360,CWIT-2A,Y-CWIT-2A780L.3,05/25/2026 23:08
GCXU6013233,3134589,CMA180360,CWIT-2A,Y-CWIT-2A181C.6,05/25/2026 23:05
OOLU6013464,3133798,HLC180336,CWIT-4D,Y-CWIT-4D097D.2,05/25/2026 22:18
TRLU6015850,3133797,HLC180336,CWIT-4D,Y-CWIT-4D902G.5,05/25/2026 22:17
HLCU6015419,3133791,HLC180336,CWIT-4D,Y-CWIT-4D683F.3,05/25/2026 22:13
HLCU6013492,3133789,HLC180336,CWIT-3D,Y-CWIT-3D290D.3,05/25/2026 22:12
MAEU6011828,3133788,HLC180336,CWIT-4D,Y-CWIT-4D040J.1,05/25/2026 22:11
CMAU6008921,3133786,HLC180336,CWIT-4D,Y-CWIT-4D889B.2,05/25/2026 22:10
ONEY6015781,3133787,HLC180336,CWIT-3A,Y-CWIT-3A430M.1,05/25/2026 22:10
ONEY6009303,3133783,HLC180336,CWIT-4D,Y-CWIT-4D932J.6,05/25/2026 22:08
CMAU6015746,3133782,HLC180336,CWIT-5D,Y-CWIT-5D913E.3,05/25/2026 22:07
HLCU6014042,3133777,HLC180336,CWIT-4D,Y-CWIT-4D749H.6,05/25/2026 22:03
CMAU6009913,3133776,HLC180336,CWIT-4D,Y-CWIT-4D542E.1,05/25/2026 22:02
CMAU6015472,3133774,HLC180336,CWIT-1B,Y-CWIT-1B857L.2,05/25/2026 22:01
HLCU6011297,3133771,HLC180336,CWIT-5D,Y-CWIT-5D990C.6,05/25/2026 21:59
OOLU6015771,3133768,HLC180336,CWIT-3A,Y-CWIT-3A654C.6,05/25/2026 21:57
TRLU6009684,3133765,HLC180336,CWIT-4D,Y-CWIT-4D774M.3,05/25/2026 21:55
GCXU6008931,3133763,HLC180336,CWIT-3A,Y-CWIT-3A216D.1,05/25/2026 21:53
GCXU6015847,3133762,HLC180336,CWIT-4D,Y-CWIT-4D421G.6,05/25/2026 21:53
OOLU6015846,3133759,HLC180336,CWIT-4D,Y-CWIT-4D681J.4,05/25/2026 21:51
GCXU6011924,3133757,HLC180336,CWIT-3A,Y-CWIT-3A853D.1,05/25/2026 21:49
MAEU6014207,3133755,HLC180336,CWIT-3A,Y-CWIT-3A022E.2,05/25/2026 21:48
CMAU6009873,3133753,HLC180336,CWIT-3A,Y-CWIT-3A415L.1,05/25/2026 21:46
MAEU6015484,3133751,HLC180336,CWIT-3A,Y-CWIT-3A364D.4,05/25/2026 21:45
MAEU6015802,3133750,HLC180336,CWIT-3D,Y-CWIT-3D775G.1,05/25/2026 21:44
TRLU6015743,3133748,HLC180336,CWIT-3A,Y-CWIT-3A256F.3,05/25/2026 21:43
MAEU6015694,3133742,HLC180336,CWIT-2A,Y-CWIT-2A787C.1,05/25/2026 21:39
OOLU6015668,3133741,HLC180336,CWIT-3D,Y-CWIT-3D100C.1,05/25/2026 21:38
MSCU6015844,3133738,HLC180336,CWIT-3A,Y-CWIT-3A378M.1,05/25/2026 21:36
MAEU6014749,3133733,HLC180336,CWIT-3A,Y-CWIT-3A107K.5,05/25/2026 21:32
GCXU6011668,3133729,HLC180336,CWIT-3A,Y-CWIT-3A258C.5,05/25/2026 21:29
MSCU6013141,3133727,HLC180336,CWIT-3A,Y-CWIT-3A142A.4,05/25/2026 21:28
MSCU6014340,3133726,HLC180336,CWIT-3A,Y-CWIT-3A942B.5,05/25/2026 21:27
OOLU6014828,3133725,HLC180336,CWIT-3A,Y-CWIT-3A163K.4,05/25/2026 21:26
OOLU6012173,3133723,HLC180336,CWIT-3A,Y-CWIT-3A377J.5,05/25/2026 21:25
CMAU6016033,3135381,8YF180216,CWIT-5D,Y-CWIT-5D632J.1,05/25/2026 20:52
MAEU6009463,3135377,8YF180216,CWIT-5D,Y-CWIT-5D606H.1,05/25/2026 20:50
MSCU6013704,3135378,8YF180216,CWIT-2A,Y-CWIT-2A597F.5,05/25/2026 20:50
TRLU6015067,3135375,8YF180216,CWIT-2A,Y-CWIT-2A734F.3,05/25/2026 20:48
CMAU6011898,3135372,8YF180216,CWIT-2A,Y-CWIT-2A324B.2,05/25/2026 20:47
GCXU6015431,3135373,8YF180216,CWIT-2A,Y-CWIT-2A701D.2,05/25/2026 20:47
ONEY6008283,3134332,CMA180276,CWIT-1B,Y-CWIT-1B837E.6,05/25/2026 20:46
GCXU6008653,3135369,8YF180216,CWIT-2A,Y-CWIT-2A514N.3,05/25/2026 20:45
CMAU6013475,3135368,8YF180216,CWIT-2A,Y-CWIT-2A742F.6,05/25/2026 20:44
GCXU6010384,3134321,CMA180276,CWIT-1B,Y-CWIT-1B748A.2,05/25/2026 20:42
GCXU6012608,3134323,CMA180276,CWIT-1B,Y-CWIT-1B870N.3,05/25/2026 20:42
TRLU6013515,3135362,8YF180216,CWIT-2A,Y-CWIT-2A992E.1,05/25/2026 20:40
ONEY6011280,3135359,8YF180216,CWIT-2A,Y-CWIT-2A980A.4,05/25/2026 20:39
OOLU6011923,3134314,CMA180276,CWIT-1B,Y-CWIT-1B854C.4,05/25/2026 20:39
TRLU6015910,3134315,CMA180276,CWIT-1B,Y-CWIT-1B660A.5,05/25/2026 20:39
OOLU6015909,3134313,CMA180276,CWIT-1B,Y-CWIT-1B704F.4,05/25/2026 20:38
MAEU6016031,3135354,8YF180216,CWIT-2A,Y-CWIT-2A561B.5,05/25/2026 20:36
HLCU6016032,3135355,8YF180216,CWIT-2A,Y-CWIT-2A529B.6,05/25/2026 20:36
CMAU6010092,3135353,8YF180216,CWIT-1B,Y-CWIT-1B800H.6,05/25/2026 20:35
CMAU6011755,3134306,CMA180276,CWIT-1B,Y-CWIT-1B831D.4,05/25/2026 20:35
OOLU6009287,3135352,8YF180216,CWIT-2A,Y-CWIT-2A194E.2,05/25/2026 20:34
HLCU6014633,3134304,CMA180276,CWIT-3A,Y-CWIT-3A267K.6,05/25/2026 20:34
GCXU6016030,3135351,8YF180216,CWIT-2A,Y-CWIT-2A181A.1,05/25/2026 20:34
MAEU6008496,3135349,8YF180216,CWIT-2A,Y-CWIT-2A842D.4,05/25/2026 20:33
GCXU6011286,3134299,CMA180276,CWIT-1B,Y-CWIT-1B570A.2,05/25/2026 20:33
ONEY6016029,3135350,8YF180216,CWIT-2A,Y-CWIT-2A220F.2,05/25/2026 20:33
TRLU6015201,3134297,CMA180276,CWIT-1B,Y-CWIT-1B367D.1,05/25/2026 20:32
MSCU6008234,3134295,CMA180276,CWIT-1B,Y-CWIT-1B315A.6,05/25/2026 20:31
HLCU6011163,3134296,CMA180276,CWIT-1B,Y-CWIT-1B381N.6,05/25/2026 20:31
OOLU6015907,3134294,CMA180276,CWIT-1B,Y-CWIT-1B134A.5,05/25/2026 20:31
TRLU6008412,3134293,CMA180276,CWIT-1B,Y-CWIT-1B615C.4,05/25/2026 20:30
MSCU6013323,3135345,8YF180216,CWIT-2A,Y-CWIT-2A133M.5,05/25/2026 20:30
MAEU6016027,3135342,8YF180216,CWIT-2A,Y-CWIT-2A598M.4,05/25/2026 20:28
HLCU6012462,3134285,CMA180276,CWIT-1B,Y-CWIT-1B640K.6,05/25/2026 20:27
MAEU6013641,3135340,8YF180216,CWIT-4D,Y-CWIT-4D994N.2,05/25/2026 20:27
OOLU6011743,3134283,CMA180276,CWIT-1B,Y-CWIT-1B233M.2,05/25/2026 20:26
ONEY6013062,3134284,CMA180276,CWIT-4D,Y-CWIT-4D036N.2,05/25/2026 20:26
TRLU6010096,3135337,8YF180216,CWIT-2A,Y-CWIT-2A022N.2,05/25/2026 20:25
ONEY6013543,3135336,8YF180216,CWIT-2A,Y-CWIT-2A216H.3,05/25/2026 20:25
TRLU6015906,3134281,CMA180276,CWIT-1B,Y-CWIT-1B306C.5,05/25/2026 20:25
ONEY6009784,3135333,8YF180216,CWIT-2A,Y-CWIT-2A778H.1,05/25/2026 20:23
OOLU6011977,3134277,CMA180276,CWIT-3A,Y-CWIT-3A037F.2,05/25/2026 20:23
HLCU6016026,3135332,8YF180216,CWIT-2A,Y-CWIT-2A341D.3,05/25/2026 20:22
ONEY6009982,3134272,CMA180276,CWIT-1B,Y-CWIT-1B548F.2,05/25/2026 20:21
ONEY6010289,3134271,CMA180276,CWIT-5D,Y-CWIT-5D024A.1,05/25/2026 20:21
MSCU6013372,3135330,8YF180216,CWIT-2A,Y-CWIT-2A137F.2,05/25/2026 20:21
ONEY6015904,3134268,CMA180276,CWIT-5D,Y-CWIT-5D630G.5,05/25/2026 20:20
MAEU6016025,3135329,8YF180216,CWIT-2A,Y-CWIT-2A830A.1,05/25/2026 20:20
CMAU6015018,3135326,8YF180216,CWIT-2A,Y-CWIT-2A855N.3,05/25/2026 20:18
GCXU6008946,3135324,8YF180216,CWIT-3D,Y-CWIT-3D354G.6,05/25/2026 20:17
ONEY6011769,3135323,8YF180216,CWIT-2A,Y-CWIT-2A713G.5,05/25/2026 20:16
MSCU6014839,3135322,8YF180216,CWIT-2A,Y-CWIT-2A971N.1,05/25/2026 20:16
GCXU6010600,3135321,8YF180216,CWIT-2A,Y-CWIT-2A242B.3,05/25/2026 20:15
ONEY6016024,3135319,8YF180216,CWIT-2A,Y-CWIT-2A535J.1,05/25/2026 20:14
ONEY6011284,3135318,8YF180216,CWIT-2A,Y-CWIT-2A647J.1,05/25/2026 20:13
GCXU6011047,3135315,8YF180216,CWIT-2A,Y-CWIT-2A793D.6,05/25/2026 20:12
ONEY6009140,3135314,8YF180216,CWIT-2A,Y-CWIT-2A115C.3,05/25/2026 20:11
CMAU6016023,3135313,8YF180216,CWIT-2A,Y-CWIT-2A174F.1,05/25/2026 20:10
OOLU6011367,3135311,8YF180216,CWIT-2A,Y-CWIT-2A800G.5,05/25/2026 20:09
ONEY6014521,3135308,8YF180216,CWIT-4D,Y-CWIT-4D480D.6,05/25/2026 20:07
ONEY6016022,3135307,8YF180216,CWIT-2A,Y-CWIT-2A540M.6,05/25/2026 20:06
CMAU6008217,3135301,8YF180216,CWIT-2A,Y-CWIT-2A675N.1,05/25/2026 20:03
TRLU6014991,3135302,8YF180216,CWIT-2A,Y-CWIT-2A814N.6,05/25/2026 20:03
ONEY6015990,3135002,8YF180372,CWIT-2A,Y-CWIT-2A018G.2,05/25/2026 15:36
TRLU6015989,3135001,8YF180372,CWIT-2A,Y-CWIT-2A922B.4,05/25/2026 15:35
MAEU6012515,3134999,8YF180372,CWIT-2A,Y-CWIT-2A512H.1,05/25/2026 15:34
GCXU6014810,3134997,8YF180372,CWIT-2A,Y-CWIT-2A580A.6,05/25/2026 15:32
MSCU6014151,3134996,8YF180372,CWIT-2A,Y-CWIT-2A946C.4,05/25/2026 15:31
HLCU6015987,3134994,8YF180372,CWIT-2A,Y-CWIT-2A201D.6,05/25/2026 15:30
CMAU6015988,3134995,8YF180372,CWIT-2A,Y-CWIT-2A292N.3,05/25/2026 15:30
MSCU6011325,3134992,8YF180372,CWIT-2A,Y-CWIT-2A810N.4,05/25/2026 15:28
MAEU6009561,3134985,8YF180372,CWIT-2A,Y-CWIT-2A411M.4,05/25/2026 15:23
HLCU6010217,3134981,8YF180372,CWIT-2A,Y-CWIT-2A788E.6,05/25/2026 15:19
MSCU6011335,3134978,8YF180372,CWIT-2A,Y-CWIT-2A597E.3,05/25/2026 15:17
MAEU6010123,3134977,8YF180372,CWIT-2A,Y-CWIT-2A599E.1,05/25/2026 15:16
MAEU6012318,3134972,8YF180372,CWIT-2A,Y-CWIT-2A088F.3,05/25/2026 15:12
TRLU6011657,3134971,8YF180372,CWIT-2A,Y-CWIT-2A903H.5,05/25/2026 15:11
ONEY6015985,3134965,8YF180372,CWIT-2A,Y-CWIT-2A094J.2,05/25/2026 15:07
OOLU6009071,3134963,8YF180372,CWIT-2A,Y-CWIT-2A631H.2,05/25/2026 15:05
MSCU6014439,3134961,8YF180372,CWIT-4B,Y-CWIT-4B319A.2,05/25/2026 15:03
ONEY6013304,3134956,8YF180372,CWIT-2A,Y-CWIT-2A269M.5,05/25/2026 14:59
ONEY6015984,3134955,8YF180372,CWIT-2A,Y-CWIT-2A747M.2,05/25/2026 14:59
TRLU6015403,3134948,8YF180372,CWIT-4B,Y-CWIT-4B641A.5,05/25/2026 14:53
ONEY6010639,3134941,8YF180372,CWIT-2A,Y-CWIT-2A512B.1,05/25/2026 14:47
OOLU6014179,3134940,8YF180372,CWIT-2A,Y-CWIT-2A665L.3,05/25/2026 14:46
CMAU6015982,3134937,8YF180372,CWIT-2A,Y-CWIT-2A865H.4,05/25/2026 14:44
TRLU6012551,3134936,8YF180372,CWIT-2A,Y-CWIT-2A496L.2,05/25/2026 14:43
GCXU6015513,3134931,8YF180372,CWIT-1B,Y-CWIT-1B316M.3,05/25/2026 14:39
HLCU6014681,3134929,8YF180372,CWIT-3D,Y-CWIT-3D757C.5,05/25/2026 14:38
CMAU6015942,3134588,CMA180360,CWIT-2A,Y-CWIT-2A324N.4,05/25/2026 12:48
CMAU6013004,3134586,CMA180360,CWIT-2A,Y-CWIT-2A408L.3,05/25/2026 12:47
HLCU6008877,3134582,CMA180360,CWIT-2A,Y-CWIT-2A594K.5,05/25/2026 12:45
ONEY6011028,3134577,CMA180360,CWIT-2A,Y-CWIT-2A421G.1,05/25/2026 12:42
MAEU6010192,3134576,CMA180360,CWIT-2A,Y-CWIT-2A768M.2,05/25/2026 12:41
CMAU6013497,3134574,CMA180360,CWIT-2A,Y-CWIT-2A401M.4,05/25/2026 12:40
CMAU6014901,3134573,CMA180360,CWIT-2A,Y-CWIT-2A612G.1,05/25/2026 12:40
TRLU6010357,3134571,CMA180360,CWIT-2A,Y-CWIT-2A017E.5,05/25/2026 12:38
CMAU6010622,3134568,CMA180360,CWIT-1B,Y-CWIT-1B144G.2,05/25/2026 12:37
OOLU6011990,3134569,CMA180360,CWIT-2A,Y-CWIT-2A888M.3,05/25/2026 12:37
HLCU6012131,3134567,CMA180360,CWIT-2A,Y-CWIT-2A695F.1,05/25/2026 12:36
TRLU6013075,3134566,CMA180360,CWIT-2A,Y-CWIT-2A363B.1,05/25/2026 12:35
GCXU6015288,3134565,CMA180360,CWIT-2A,Y-CWIT-2A485D.5,05/25/2026 12:35
ONEY6009418,3134560,CMA180360,CWIT-4D,Y-CWIT-4D893N.2,05/25/2026 12:32
CMAU6015940,3134557,CMA180360,CWIT-2A,Y-CWIT-2A266C.5,05/25/2026 12:30
GCXU6014584,3134555,CMA180360,CWIT-2A,Y-CWIT-2A543K.4,05/25/2026 12:29
CMAU6009795,3134553,CMA180360,CWIT-2A,Y-CWIT-2A034C.3,05/25/2026 12:28
ONEY6015939,3134552,CMA180360,CWIT-2A,Y-CWIT-2A846G.4,05/25/2026 12:27
TRLU6015502,3134551,CMA180360,CWIT-2A,Y-CWIT-2A194G.6,05/25/2026 12:26
OOLU6012680,3134549,CMA180360,CWIT-2A,Y-CWIT-2A171E.5,05/25/2026 12:25
OOLU6010287,3134544,CMA180360,CWIT-4D,Y-CWIT-4D681F.2,05/25/2026 12:22
MSCU6013873,3134542,CMA180360,CWIT-1B,Y-CWIT-1B120G.4,05/25/2026 12:21
MSCU6013561,3134539,CMA180360,CWIT-2A,Y-CWIT-2A978M.4,05/25/2026 12:19
HLCU6015938,3134538,CMA180360,CWIT-2A,Y-CWIT-2A909K.6,05/25/2026 12:19
TRLU6010198,3134535,CMA180360,CWIT-2A,Y-CWIT-2A236C.1,05/25/2026 12:17
GCXU6009557,3134534,CMA180360,CWIT-2A,Y-CWIT-2A066K.2,05/25/2026 12:16
MAEU6015937,3134530,CMA180360,CWIT-2A,Y-CWIT-2A561L.4,05/25/2026 12:14
MSCU6009487,3134528,CMA180360,CWIT-2A,Y-CWIT-2A070N.5,05/25/2026 12:13
MSCU6013501,3134524,CMA180360,CWIT-2A,Y-CWIT-2A157K.3,05/25/2026 12:10
GCXU6013796,3134523,CMA180360,CWIT-2A,Y-CWIT-2A416A.2,05/25/2026 12:10
HLCU6014401,3134521,CMA180360,CWIT-2A,Y-CWIT-2A624J.6,05/25/2026 12:09
MAEU6010387,3134518,CMA180360,CWIT-1B,Y-CWIT-1B611A.4,05/25/2026 12:07
MSCU6009559,3134516,CMA180360,CWIT-5D,Y-CWIT-5D248D.2,05/25/2026 12:06
GCXU6013562,3134514,CMA180360,CWIT-1B,Y-CWIT-1B447D.1,05/25/2026 12:05
HLCU6008460,3134505,CMA180360,CWIT-2A,Y-CWIT-2A837M.6,05/25/2026 11:59
GCXU6015828,3134504,CMA180360,CWIT-1B,Y-CWIT-1B058C.4,05/25/2026 11:59
HLCU6014215,3133444,ONE180300,CWIT-4D,Y-CWIT-4D722D.6,05/25/2026 11:31
MAEU6010705,3133443,ONE180300,CWIT-4D,Y-CWIT-4D734L.5,05/25/2026 11:30
CMAU6015315,3133438,ONE180300,CWIT-4D,Y-CWIT-4D235A.2,05/25/2026 11:26
MSCU6008527,3133432,ONE180300,CWIT-4D,Y-CWIT-4D120N.2,05/25/2026 11:22
OOLU6009253,3133430,ONE180300,CWIT-4D,Y-CWIT-4D264J.1,05/25/2026 11:20
TRLU6015806,3133429,ONE180300,CWIT-4D,Y-CWIT-4D036L.6,05/25/2026 11:19
MSCU6008936,3133423,ONE180300,CWIT-4D,Y-CWIT-4D499M.4,05/25/2026 11:15
MSCU6015235,3133422,ONE180300,CWIT-4D,Y-CWIT-4D024H.4,05/25/2026 11:14
GCXU6011292,3133419,ONE180300,CWIT-3D,Y-CWIT-3D809G.3,05/25/2026 11:12
ONEY6015801,3133411,ONE180300,CWIT-4D,Y-CWIT-4D858K.6,05/25/2026 11:05
HLCU6012062,3133409,ONE180300,CWIT-4D,Y-CWIT-4D579N.3,05/25/2026 11:04
GCXU6012408,3133406,ONE180300,CWIT-4D,Y-CWIT-4D051M.1,05/25/2026 11:01
MSCU6012087,3133402,ONE180300,CWIT-4D,Y-CWIT-4D014J.4,05/25/2026 10:58
CMAU6009852,3133399,ONE180300,CWIT-3A,Y-CWIT-3A882A.5,05/25/2026 10:56
ONEY6010539,3133397,ONE180300,CWIT-3A,Y-CWIT-3A213B.5,05/25/2026 10:54
CMAU6013935,3133395,ONE180300,CWIT-3A,Y-CWIT-3A647G.6,05/25/2026 10:52
ONEY6014492,3133394,ONE180300,CWIT-3A,Y-CWIT-3A105K.4,05/25/2026 10:52
HLCU6015799,3133391,ONE180300,CWIT-3A,Y-CWIT-3A818F.6,05/25/2026 10:49
ONEY6015798,3133382,ONE180300,CWIT-3A,Y-CWIT-3A521H.5,05/25/2026 10:42
GCXU6009106,3133378,ONE180300,CWIT-2A,Y-CWIT-2A658J.4,05/25/2026 10:39
HLCU6010519,3133717,HLC180336,CWIT-3A,Y-CWIT-3A617F.5,05/25/2026 08:35
MSCU6008057,3133712,HLC180336,CWIT-3A,Y-CWIT-3A195N.1,05/25/2026 08:33
ONEY6015841,3133713,HLC180336,CWIT-3A,Y-CWIT-3A210E.6,05/25/2026 08:33
GCXU6010513,3133710,HLC180336,CWIT-3A,Y-CWIT-3A322N.3,05/25/2026 08:32
TRLU6015321,3133703,HLC180336,CWIT-3A,Y-CWIT-3A891C.3,05/25/2026 08:28
ONEY6015840,3133696,HLC180336,CWIT-3A,Y-CWIT-3A956F.3,05/25/2026 08:25
TRLU6010616,3133694,HLC180336,CWIT-3A,Y-CWIT-3A411K.4,05/25/2026 08:24
ONEY6012504,3133688,HLC180336,CWIT-3A,Y-CWIT-3A063J.4,05/25/2026 08:21
GCXU6015839,3133685,HLC180336,CWIT-3A,Y-CWIT-3A386M.4,05/25/2026 08:20
TRLU6011833,3133683,HLC180336,CWIT-5D,Y-CWIT-5D628A.6,05/25/2026 08:19
HLCU6015219,3133679,HLC180336,CWIT-2A,Y-CWIT-2A855F.5,05/25/2026 08:17
MAEU6011511,3133677,HLC180336,CWIT-3A,Y-CWIT-3A234A.5,05/25/2026 08:16
MSCU6015837,3133666,HLC180336,CWIT-3A,Y-CWIT-3A625J.5,05/25/2026 08:11
HLCU6014743,3133664,HLC180336,CWIT-5D,Y-CWIT-5D122L.6,05/25/2026 08:10
HLCU6015836,3133660,HLC180336,CWIT-3A,Y-CWIT-3A922B.1,05/25/2026 08:09
ONEY6012532,3133659,HLC180336,CWIT-3A,Y-CWIT-3A017F.6,05/25/2026 08:08
CMAU6012018,3133656,HLC180336,CWIT-3D,Y-CWIT-3D780D.5,05/25/2026 08:07
CMAU6012423,3133654,HLC180336,CWIT-5D,Y-CWIT-5D109D.5,05/25/2026 08:06
CMAU6013124,3133652,HLC180336,CWIT-5D,Y-CWIT-5D515F.2,05/25/2026 08:05
GCXU6015834,3133648,HLC180336,CWIT-5D,Y-CWIT-5D099N.1,05/25/2026 08:03
GCXU6015833,3133644,HLC180336,CWIT-5D,Y-CWIT-5D591D.5,05/25/2026 08:01
CMAU6011302,3134259,CMA180276,CWIT-5D,Y-CWIT-5D945G.3,05/25/2026 05:48
MSCU6011467,3134255,CMA180276,CWIT-5D,Y-CWIT-5D611H.5,05/25/2026 05:45
MSCU6014196,3134252,CMA180276,CWIT-5D,Y-CWIT-5D662G.4,05/25/2026 05:42
MAEU6011428,3134250,CMA180276,CWIT-5D,Y-CWIT-5D670G.6,05/25/2026 05:41
MAEU6010896,3134247,CMA180276,CWIT-1B,Y-CWIT-1B914N.5,05/25/2026 05:38
MAEU6015902,3134246,CMA180276,CWIT-5D,Y-CWIT-5D554F.4,05/25/2026 05:37
OOLU6015901,3134243,CMA180276,CWIT-5D,Y-CWIT-5D980L.6,05/25/2026 05:35
MSCU6012448,3134242,CMA180276,CWIT-5D,Y-CWIT-5D666D.5,05/25/2026 05:34
CMAU6015791,3134241,CMA180276,CWIT-5D,Y-CWIT-5D606B.3,05/25/2026 05:33
GCXU6009335,3134239,CMA180276,CWIT-5D,Y-CWIT-5D242A.4,05/25/2026 05:31
GCXU6015900,3134234,CMA180276,CWIT-5D,Y-CWIT-5D052N.3,05/25/2026 05:27
ONEY6009187,3134230,CMA180276,CWIT-5D,Y-CWIT-5D266E.6,05/25/2026 05:24
MAEU6015769,3133085,HLC180348,CWIT-3D,Y-CWIT-3D944F.5,05/25/2026 05:23
ONEY6011043,3134228,CMA180276,CWIT-5D,Y-CWIT-5D013A.3,05/25/2026 05:22
OOLU6015768,3133083,HLC180348,CWIT-3D,Y-CWIT-3D335K.4,05/25/2026 05:22
MSCU6008251,3133080,HLC180348,CWIT-3A,Y-CWIT-3A754A.3,05/25/2026 05:20
GCXU6012815,3133077,HLC180348,CWIT-3D,Y-CWIT-3D252K.6,05/25/2026 05:18
MAEU6013446,3134223,CMA180276,CWIT-5D,Y-CWIT-5D534N.5,05/25/2026 05:18
ONEY6008793,3134220,CMA180276,CWIT-1B,Y-CWIT-1B415D.4,05/25/2026 05:15
ONEY6009554,3133951,CQN180252,CWIT-4D,Y-CWIT-4D019E.5,05/25/2026 05:15
CMAU6012174,3133072,HLC180348,CWIT-3D,Y-CWIT-3D819A.4,05/25/2026 05:15
MSCU6015767,3133073,HLC180348,CWIT-3D,Y-CWIT-3D401L.4,05/25/2026 05:15
MSCU6015874,3133947,CQN180252,CWIT-2A,Y-CWIT-2A091A.1,05/25/2026 05:12
MSCU6011650,3133944,CQN180252,CWIT-5D,Y-CWIT-5D359K.4,05/25/2026 05:11
TRLU6015766,3133067,HLC180348,CWIT-3D,Y-CWIT-3D336H.4,05/25/2026 05:11
ONEY6008740,3134212,CMA180276,CWIT-5D,Y-CWIT-5D468B.4,05/25/2026 05:09
GCXU6011620,3134210,CMA180276,CWIT-5D,Y-CWIT-5D952A.2,05/25/2026 05:07
HLCU6015581,3133059,HLC180348,CWIT-2A,Y-CWIT-2A154E.4,05/25/2026 05:06
MSCU6011400,3133935,CQN180252,CWIT-2A,Y-CWIT-2A199M.4,05/25/2026 05:05
OOLU6011308,3134206,CMA180276,CWIT-3A,Y-CWIT-3A686G.3,05/25/2026 05:04
MSCU6009624,3133055,HLC180348,CWIT-3D,Y-CWIT-3D034H.3,05/25/2026 05:03
TRLU6012170,3134205,CMA180276,CWIT-5D,Y-CWIT-5D296D.6,05/25/2026 05:03
MAEU6008387,3133053,HLC180348,CWIT-3D,Y-CWIT-3D288L.4,05/25/2026 05:02
OOLU6015896,3134204,CMA180276,CWIT-5D,Y-CWIT-5D223M.1,05/25/2026 05:02
CMAU6013318,3134203,CMA180276,CWIT-5D,Y-CWIT-5D474C.3,05/25/2026 05:01
GCXU6014274,3133052,HLC180348,CWIT-3D,Y-CWIT-3D891K.1,05/25/2026 05:01
CMAU6014267,3133923,CQN180252,CWIT-3D,Y-CWIT-3D690M.5,05/25/2026 04:58
ONEY6015242,3133047,HLC180348,CWIT-3D,Y-CWIT-3D743B.5,05/25/2026 04:58
ONEY6015816,3134199,CMA180276,CWIT-3A,Y-CWIT-3A229A.1,05/25/2026 04:58
MSCU6015894,3134200,CMA180276,CWIT-5D,Y-CWIT-5D184F.5,05/25/2026 04:58
HLCU6010659,3133041,HLC180348,CWIT-3D,Y-CWIT-3D448L.6,05/25/2026 04:54
MSCU6015893,3134195,CMA180276,CWIT-5D,Y-CWIT-5D947H.6,05/25/2026 04:54
OOLU6015764,3133038,HLC180348,CWIT-3D,Y-CWIT-3D384B.4,05/25/2026 04:52
HLCU6008245,3133912,CQN180252,CWIT-2A,Y-CWIT-2A368G.2,05/25/2026 04:51
HLCU6012178,3133036,HLC180348,CWIT-3D,Y-CWIT-3D325L.3,05/25/2026 04:51
MSCU6008414,3133035,HLC180348,CWIT-3D,Y-CWIT-3D997A.1,05/25/2026 04:50
TRLU6015351,3133911,CQN180252,CWIT-3A,Y-CWIT-3A638K.1,05/25/2026 04:50
HLCU6008134,3133034,HLC180348,CWIT-3D,Y-CWIT-3D782F.3,05/25/2026 04:49
CMAU6010677,3134188,CMA180276,CWIT-5D,Y-CWIT-5D733B.6,05/25/2026 04:48
OOLU6015176,3134187,CMA180276,CWIT-5D,Y-CWIT-5D132K.2,05/25/2026 04:48
MAEU6015866,3133907,CQN180252,CWIT-2A,Y-CWIT-2A915N.2,05/25/2026 04:48
CMAU6011576,3133906,CQN180252,CWIT-2A,Y-CWIT-2A813N.2,05/25/2026 04:47
GCXU6015892,3134186,CMA180276,CWIT-5D,Y-CWIT-5D835J.2,05/25/2026 04:47
CMAU6009919,3134185,CMA180276,CWIT-5D,Y-CWIT-5D155E.4,05/25/2026 04:46
MSCU6011984,3133028,HLC180348,CWIT-3A,Y-CWIT-3A901C.4,05/25/2026 04:45
GCXU6011094,3134181,CMA180276,CWIT-5D,Y-CWIT-5D308J.1,05/25/2026 04:42
GCXU6015891,3134180,CMA180276,CWIT-5D,Y-CWIT-5D395E.3,05/25/2026 04:42
OOLU6011869,3133021,HLC180348,CWIT-3D,Y-CWIT-3D810M.5,05/25/2026 04:40
GCXU6011538,3133018,HLC180348,CWIT-3D,Y-CWIT-3D027H.5,05/25/2026 04:38
OOLU6015734,3133016,HLC180348,CWIT-3A,Y-CWIT-3A706D.2,05/25/2026 04:37
GCXU6015761,3133015,HLC180348,CWIT-3D,Y-CWIT-3D493C.2,05/25/2026 04:36
OOLU6015864,3133887,CQN180252,CWIT-2A,Y-CWIT-2A382H.5,05/25/2026 04:36
ONEY6011944,3133883,CQN180252,CWIT-2A,Y-CWIT-2A257N.2,05/25/2026 04:33
TRLU6015863,3133882,CQN180252,CWIT-2A,Y-CWIT-2A412H.1,05/25/2026 04:33
TRLU6008749,3133880,CQN180252,CWIT-2A,Y-CWIT-2A785M.5,05/25/2026 04:31
HLCU6015569,3133485,CQN180264,CWIT-4D,Y-CWIT-4D642E.2,05/25/2026 04:18
CMAU6011259,3133482,CQN180264,CWIT-2A,Y-CWIT-2A994M.3,05/25/2026 04:09
HLCU6014057,3133481,CQN180264,CWIT-2A,Y-CWIT-2A358G.1,05/25/2026 04:06
GCXU6015797,3133373,ONE180300,CWIT-3A,Y-CWIT-3A666N.6,05/24/2026 22:36
HLCU6015796,3133371,ONE180300,CWIT-3A,Y-CWIT-3A100M.5,05/24/2026 22:34
TRLU6015794,3133365,ONE180300,CWIT-3A,Y-CWIT-3A106N.6,05/24/2026 22:29
HLCU6015528,3133358,ONE180300,CWIT-3A,Y-CWIT-3A300H.5,05/24/2026 22:23
TRLU6014597,3133352,ONE180300,CWIT-3A,Y-CWIT-3A529E.5,05/24/2026 22:19
HLCU6014948,3133348,ONE180300,CWIT-2A,Y-CWIT-2A312B.2,05/24/2026 22:15
MSCU6008964,3133344,ONE180300,CWIT-3A,Y-CWIT-3A929C.5,05/24/2026 22:12
CMAU6015792,3133343,ONE180300,CWIT-3A,Y-CWIT-3A213L.6,05/24/2026 22:11
HLCU6010222,3133341,ONE180300,CWIT-3A,Y-CWIT-3A027J.5,05/24/2026 22:10
MAEU6014170,3133332,ONE180300,CWIT-4D,Y-CWIT-4D395K.6,05/24/2026 22:02
OOLU6015476,3133315,ONE180300,CWIT-3A,Y-CWIT-3A432L.2,05/24/2026 21:49
MAEU6010842,3133314,ONE180300,CWIT-3A,Y-CWIT-3A556D.1,05/24/2026 21:48
TRLU6013654,3133310,ONE180300,CWIT-3A,Y-CWIT-3A448N.5,05/24/2026 21:45
OOLU6010304,3133640,HLC180336,CWIT-1B,Y-CWIT-1B402F.5,05/24/2026 20:41
CMAU6010853,3133633,HLC180336,CWIT-5D,Y-CWIT-5D594M.6,05/24/2026 20:38
HLCU6015827,3133609,HLC180336,CWIT-5D,Y-CWIT-5D825L.5,05/24/2026 20:27
HLCU6013996,3133604,HLC180336,CWIT-5D,Y-CWIT-5D047M.1,05/24/2026 20:25
CMAU6015826,3133603,HLC180336,CWIT-5D,Y-CWIT-5D884N.5,05/24/2026 20:24
MSCU6008625,3133593,HLC180336,CWIT-5D,Y-CWIT-5D899N.5,05/24/2026 20:19
ONEY6014213,3133591,HLC180336,CWIT-5D,Y-CWIT-5D002A.1,05/24/2026 20:19
GCXU6015823,3133585,HLC180336,CWIT-5D,Y-CWIT-5D050A.1,05/24/2026 20:16
CMAU6008166,3133582,HLC180336,CWIT-5D,Y-CWIT-5D909F.3,05/24/2026 20:15
CMAU6009632,3133574,HLC180336,CWIT-2A,Y-CWIT-2A321F.1,05/24/2026 20:11
CMAU6015822,3133575,HLC180336,CWIT-5D,Y-CWIT-5D501M.4,05/24/2026 20:11
ONEY6015821,3133567,HLC180336,CWIT-2A,Y-CWIT-2A314L.1,05/24/2026 20:07
ONEY6008497,3133008,HLC180348,CWIT-3D,Y-CWIT-3D852H.1,05/24/2026 15:14
MSCU6015760,3133004,HLC180348,CWIT-3D,Y-CWIT-3D855M.6,05/24/2026 15:12
CMAU6015286,3133001,HLC180348,CWIT-1B,Y-CWIT-1B291M.2,05/24/2026 15:11
ONEY6011965,3132997,HLC180348,CWIT-3D,Y-CWIT-3D259C.1,05/24/2026 15:09
ONEY6012985,3132992,HLC180348,CWIT-4D,Y-CWIT-4D640A.3,05/24/2026 15:06
CMAU6011177,3132980,HLC180348,CWIT-4D,Y-CWIT-4D931G.2,05/24/2026 15:01
ONEY6015752,3132981,HLC180348,CWIT-4D,Y-CWIT-4D534N.2,05/24/2026 15:01
OOLU6008729,3132974,HLC180348,CWIT-3A,Y-CWIT-3A587L.3,05/24/2026 14:58
CMAU6009865,3132975,HLC180348,CWIT-5D,Y-CWIT-5D047H.1,05/24/2026 14:58
TRLU6014635,3132967,HLC180348,CWIT-4D,Y-CWIT-4D378B.5,05/24/2026 14:54
GCXU6009405,3132964,HLC180348,CWIT-4D,Y-CWIT-4D622E.1,05/24/2026 14:53
GCXU6011058,3132957,HLC180348,CWIT-4D,Y-CWIT-4D009D.5,05/24/2026 14:50
TRLU6009049,3132954,HLC180348,CWIT-3A,Y-CWIT-3A756E.3,05/24/2026 14:48
ONEY6008810,3132949,HLC180348,CWIT-4D,Y-CWIT-4D550L.6,05/24/2026 14:46
GCXU6015759,3132947,HLC180348,CWIT-4D,Y-CWIT-4D594F.5,05/24/2026 14:45
OOLU6008972,3132946,HLC180348,CWIT-1B,Y-CWIT-1B452C.6,05/24/2026 14:44
TRLU6015758,3132945,HLC180348,CWIT-4D,Y-CWIT-4D158N.1,05/24/2026 14:44
TRLU6012398,3133562,HLC180336,CWIT-2A,Y-CWIT-2A074B.6,05/24/2026 07:42
MAEU6012778,3133560,HLC180336,CWIT-2A,Y-CWIT-2A695A.5,05/24/2026 07:41
TRLU6009746,3133557,HLC180336,CWIT-5D,Y-CWIT-5D751N.1,05/24/2026 07:38
MAEU6014324,3133555,HLC180336,CWIT-2A,Y-CWIT-2A192D.4,05/24/2026 07:37
GCXU6008246,3133550,HLC180336,CWIT-2A,Y-CWIT-2A025L.4,05/24/2026 07:33
MAEU6009887,3133549,HLC180336,CWIT-2A,Y-CWIT-2A444H.4,05/24/2026 07:32
MAEU6015547,3133548,HLC180336,CWIT-5D,Y-CWIT-5D978N.1,05/24/2026 07:32
MSCU6009679,3133469,CQN180264,CWIT-2A,Y-CWIT-2A847L.1,05/24/2026 07:31
MAEU6008853,3133544,HLC180336,CWIT-2A,Y-CWIT-2A536K.5,05/24/2026 07:29
MAEU6013816,3133537,HLC180336,CWIT-4D,Y-CWIT-4D698J.2,05/24/2026 07:24
HLCU6013489,3133536,HLC180336,CWIT-2A,Y-CWIT-2A314N.3,05/24/2026 07:23
HLCU6014291,3133467,CQN180264,CWIT-2A,Y-CWIT-2A345F.6,05/24/2026 07:22
TRLU6008968,3133534,HLC180336,CWIT-2A,Y-CWIT-2A540E.5,05/24/2026 07:21
MSCU6015504,3133530,HLC180336,CWIT-2A,Y-CWIT-2A547C.4,05/24/2026 07:19
GCXU6011211,3133466,CQN180264,CWIT-2A,Y-CWIT-2A595J.6,05/24/2026 07:17
ONEY6010753,3133522,HLC180336,CWIT-2A,Y-CWIT-2A722N.3,05/24/2026 07:13
TRLU6015810,3133465,CQN180264,CWIT-2A,Y-CWIT-2A052N.4,05/24/2026 07:12
MSCU6015812,3133502,HLC180336,CWIT-2A,Y-CWIT-2A361G.6,05/24/2026 06:58
MSCU6011510,3133499,HLC180336,CWIT-2A,Y-CWIT-2A548C.2,05/24/2026 06:56
MAEU6015432,3133498,HLC180336,CWIT-2A,Y-CWIT-2A580D.5,05/24/2026 06:55
TRLU6013386,3133491,HLC180336,CWIT-1B,Y-CWIT-1B897F.2,05/24/2026 06:50
HLCU6013786,3133490,HLC180336,CWIT-2A,Y-CWIT-2A814D.2,05/24/2026 06:49
MAEU6013596,3133302,ONE180300,CWIT-1B,Y-CWIT-1B592A.5,05/24/2026 06:19
MAEU6008806,3133293,ONE180300,CWIT-1B,Y-CWIT-1B449M.1,05/24/2026 06:14
MAEU6015789,3133292,ONE180300,CWIT-1B,Y-CWIT-1B639D.4,05/24/2026 06:13
CMAU6008133,3133282,ONE180300,CWIT-1B,Y-CWIT-1B207E.5,05/24/2026 06:08
OOLU6015788,3133278,ONE180300,CWIT-1B,Y-CWIT-1B991H.3,05/24/2026 06:05
HLCU6013317,3133271,ONE180300,CWIT-1B,Y-CWIT-1B866A.3,05/24/2026 06:01
TRLU6010512,3133266,ONE180300,CWIT-1B,Y-CWIT-1B605M.5,05/24/2026 05:59
MSCU6012780,3133263,ONE180300,CWIT-1B,Y-CWIT-1B009C.4,05/24/2026 05:57
HLCU6011795,3133244,ONE180300,CWIT-1B,Y-CWIT-1B304D.6,05/24/2026 05:46
OOLU6015784,3133242,ONE180300,CWIT-1B,Y-CWIT-1B772E.1,05/24/2026 05:45
OOLU6015782,3133234,ONE180300,CWIT-1B,Y-CWIT-1B633E.6,05/24/2026 05:41
GCXU6012466,3133233,ONE180300,CWIT-1B,Y-CWIT-1B572K.4,05/24/2026 05:40
TRLU6008786,3133232,ONE180300,CWIT-1B,Y-CWIT-1B284B.2,05/24/2026 05:39
GCXU6012450,3132941,HLC180348,CWIT-2A,Y-CWIT-2A460L.1,05/24/2026 03:33
CMAU6010813,3132939,HLC180348,CWIT-4D,Y-CWIT-4D767H.3,05/24/2026 03:32
TRLU6015128,3132940,HLC180348,CWIT-4D,Y-CWIT-4D598D.4,05/24/2026 03:32
TRLU6011161,3132936,HLC180348,CWIT-4D,Y-CWIT-4D750C.3,05/24/2026 03:30
ONEY6015756,3132928,HLC180348,CWIT-4D,Y-CWIT-4D413K.3,05/24/2026 03:26
TRLU6015755,3132924,HLC180348,CWIT-4D,Y-CWIT-4D145B.3,05/24/2026 03:25
GCXU6013097,3132922,HLC180348,CWIT-4D,Y-CWIT-4D289J.3,05/24/2026 03:23
GCXU6009967,3132916,HLC180348,CWIT-4D,Y-CWIT-4D365N.2,05/24/2026 03:20
ONEY6008183,3132913,HLC180348,CWIT-4D,Y-CWIT-4D842B.4,05/24/2026 03:19
TRLU6010457,3132911,HLC180348,CWIT-3A,Y-CWIT-3A093N.4,05/24/2026 03:18
GCXU6015636,3132910,HLC180348,CWIT-4D,Y-CWIT-4D943A.6,05/24/2026 03:18
GCXU6013451,3132902,HLC180348,CWIT-4D,Y-CWIT-4D257G.3,05/24/2026 03:14
MSCU6014412,3132903,HLC180348,CWIT-4D,Y-CWIT-4D576A.4,05/24/2026 03:14
HLCU6013520,3132895,HLC180348,CWIT-1B,Y-CWIT-1B884N.5,05/24/2026 03:11
TRLU6013832,3132887,HLC180348,CWIT-1B,Y-CWIT-1B419G.5,05/24/2026 03:07
MSCU6015750,3132885,HLC180348,CWIT-1B,Y-CWIT-1B222F.5,05/24/2026 03:06
ONEY6012898,3132883,HLC180348,CWIT-1B,Y-CWIT-1B243J.4,05/24/2026 03:05
MAEU6015749,3132878,HLC180348,CWIT-1B,Y-CWIT-1B628N.6,05/24/2026 03:02
GCXU6015404,3132875,HLC180348,CWIT-1B,Y-CWIT-1B412L.3,05/24/2026 03:01
TRLU6011479,3133229,ONE180300,CWIT-4D,Y-CWIT-4D206B.2,05/23/2026 15:02
ONEY6010023,3133227,ONE180300,CWIT-1B,Y-CWIT-1B580A.2,05/23/2026 15:01
CMAU6015779,3133198,ONE180300,CWIT-5D,Y-CWIT-5D681H.1,05/23/2026 14:46
MSCU6008795,3133189,ONE180300,CWIT-3A,Y-CWIT-3A622A.3,05/23/2026 14:41
MSCU6015747,3132866,HLC180348,CWIT-1B,Y-CWIT-1B968A.2,05/23/2026 14:41
ONEY6009096,3132861,HLC180348,CWIT-1B,Y-CWIT-1B980G.6,05/23/2026 14:37
HLCU6015149,3133179,ONE180300,CWIT-5D,Y-CWIT-5D049G.4,05/23/2026 14:36
MAEU6013576,3132854,HLC180348,CWIT-1B,Y-CWIT-1B377E.3,05/23/2026 14:31
OOLU6015777,3133170,ONE180300,CWIT-5D,Y-CWIT-5D950H.3,05/23/2026 14:31
MAEU6014519,3132852,HLC180348,CWIT-1B,Y-CWIT-1B100J.4,05/23/2026 14:29
MAEU6009194,3133459,CQN180264,CWIT-5D,Y-CWIT-5D504J.3,05/23/2026 14:23
GCXU6008563,3132844,HLC180348,CWIT-5D,Y-CWIT-5D601A.3,05/23/2026 14:22
GCXU6008448,3132839,HLC180348,CWIT-1B,Y-CWIT-1B987L.5,05/23/2026 14:18
OOLU6014156,3132838,HLC180348,CWIT-3D,Y-CWIT-3D986B.5,05/23/2026 14:17
GCXU6008971,3132834,HLC180348,CWIT-1B,Y-CWIT-1B087K.4,05/23/2026 14:13
CMAU6010499,3132825,HLC180348,CWIT-2A,Y-CWIT-2A221N.1,05/23/2026 14:05
GCXU6009364,3132816,HLC180348,CWIT-3D,Y-CWIT-3D604D.4,05/23/2026 13:58
GCXU6015739,3132803,HLC180348,CWIT-2A,Y-CWIT-2A837L.5,05/23/2026 13:46
CMAU6009082,3132801,HLC180348,CWIT-4D,Y-CWIT-4D249F.1,05/23/2026 13:44
GCXU6011311,3133143,ONE180300,CWIT-5D,Y-CWIT-5D293A.3,05/23/2026 02:08
HLCU6010450,3133141,ONE180300,CWIT-5D,Y-CWIT-5D463K.3,05/23/2026 02:07
TRLU6013254,3133139,ONE180300,CWIT-5D,Y-CWIT-5D134N.2,05/23/2026 02:06
GCXU6015628,3133140,ONE180300,CWIT-3A,Y-CWIT-3A481N.4,05/23/2026 02:06
GCXU6015522,3133136,ONE180300,CWIT-2A,Y-CWIT-2A860M.6,05/23/2026 02:04
HLCU6009075,3133129,ONE180300,CWIT-5D,Y-CWIT-5D299B.2,05/23/2026 01:59
MAEU6015774,3133128,ONE180300,CWIT-5D,Y-CWIT-5D469F.2,05/23/2026 01:58
MSCU6011154,3133122,ONE180300,CWIT-5D,Y-CWIT-5D454B.1,05/23/2026 01:54
ONEY6012830,3133115,ONE180300,CWIT-5D,Y-CWIT-5D933M.1,05/23/2026 01:49
ONEY6013336,3133113,ONE180300,CWIT-5D,Y-CWIT-5D964K.1,05/23/2026 01:48
HLCU6009079,3133111,ONE180300,CWIT-5D,Y-CWIT-5D722N.6,05/23/2026 01:47
ONEY6011816,3133090,ONE180300,CWIT-5D,Y-CWIT-5D577L.2,05/23/2026 01:32
ONEY6012344,3133087,ONE180300,CWIT-5D,Y-CWIT-5D575F.2,05/23/2026 01:30
MAEU6015738,3132794,HLC180348,CWIT-2A,Y-CWIT-2A415C.2,05/23/2026 01:18
HLCU6015737,3132791,HLC180348,CWIT-2A,Y-CWIT-2A527A.3,05/23/2026 01:15
ONEY6008849,3132786,HLC180348,CWIT-2A,Y-CWIT-2A996D.4,05/23/2026 01:11
MAEU6013987,3132784,HLC180348,CWIT-2A,Y-CWIT-2A165J.6,05/23/2026 01:09
HLCU6011677,3132781,HLC180348,CWIT-4B,Y-CWIT-4B916K.2,05/23/2026 01:07
CMAU6008227,3132778,HLC180348,CWIT-5D,Y-CWIT-5D780E.2,05/23/2026 01:04
ONEY6013363,3132757,HLC180348,CWIT-2A,Y-CWIT-2A325G.4,05/23/2026 00:46
CMAU6014564,3132756,HLC180348,CWIT-2A,Y-CWIT-2A836K.3,05/23/2026 00:45
ONEY6015732,3132751,HLC180348,CWIT-2A,Y-CWIT-2A219K.5,05/23/2026 00:41
MSCU6009791,3132747,HLC180348,CWIT-2A,Y-CWIT-2A196E.2,05/23/2026 00:37
ONEY6009415,3132743,HLC180348,CWIT-2A,Y-CWIT-2A947E.3,05/23/2026 00:34
HLCU6011939,3132736,HLC180348,CWIT-2A,Y-CWIT-2A871F.3,05/23/2026 00:28
OOLU6015574,3132734,HLC180348,CWIT-4B,Y-CWIT-4B043A.2,05/23/2026 00:26
ONEY6009493,3132722,MSC180312,CWIT-4B,Y-CWIT-4B763H.5,05/21/2026 22:35
ONEY6008508,3132690,MSC180312,CWIT-3D,Y-CWIT-3D654G.4,05/21/2026 22:23
ONEY6015290,3132670,MSC180312,CWIT-4D,Y-CWIT-4D931C.6,05/21/2026 22:16
MAEU6008399,3132663,MSC180312,CWIT-4D,Y-CWIT-4D012A.6,05/21/2026 22:13
MAEU6008002,3132657,MSC180312,CWIT-3D,Y-CWIT-3D741J.5,05/21/2026 22:11
ONEY6011512,3132653,MSC180312,CWIT-3D,Y-CWIT-3D985M.5,05/21/2026 22:10
MAEU6015562,3132654,MSC180312,CWIT-1B,Y-CWIT-1B980H.4,05/21/2026 22:10
MSCU6015619,3132366,CQN180384,CWIT-3A,Y-CWIT-3A531K.2,05/21/2026 16:17
GCXU6011172,3132360,CQN180384,CWIT-4D,Y-CWIT-4D803A.3,05/21/2026 16:15
HLCU6012216,3132358,CQN180384,CWIT-4D,Y-CWIT-4D090F.1,05/21/2026 16:14
OOLU6015332,3132353,CQN180384,CWIT-4D,Y-CWIT-4D227G.6,05/21/2026 16:11
HLCU6015253,3132346,CQN180384,CWIT-2A,Y-CWIT-2A449C.2,05/21/2026 16:09
HLCU6014552,3132338,CQN180384,CWIT-2A,Y-CWIT-2A995F.5,05/21/2026 16:05
HLCU6015681,3132323,CQN180384,CWIT-4D,Y-CWIT-4D195K.5,05/21/2026 15:59
TRLU6015678,3132314,CQN180384,CWIT-4D,Y-CWIT-4D249J.5,05/21/2026 15:55
OOLU6013223,3132312,CQN180384,CWIT-4D,Y-CWIT-4D109J.5,05/21/2026 15:54
GCXU6013663,3132310,CQN180384,CWIT-4D,Y-CWIT-4D763G.4,05/21/2026 15:53
MSCU6015526,3132306,CQN180384,CWIT-1B,Y-CWIT-1B945K.3,05/21/2026 15:52
TRLU6009422,3132302,CQN180384,CWIT-4D,Y-CWIT-4D819N.1,05/21/2026 15:50
TRLU6011360,3132303,CQN180384,CWIT-4D,Y-CWIT-4D146L.5,05/21/2026 15:50
MAEU6009451,3132295,CQN180384,CWIT-3A,Y-CWIT-3A727E.2,05/21/2026 15:47
CMAU6015617,3132294,CQN180384,CWIT-1B,Y-CWIT-1B865J.4,05/21/2026 15:47
TRLU6009591,3132290,CQN180384,CWIT-3A,Y-CWIT-3A084J.2,05/21/2026 15:45
CMAU6011414,3132291,CQN180384,CWIT-1B,Y-CWIT-1B198L.1,05/21/2026 15:45
OOLU6015676,3132282,CQN180384,CWIT-3A,Y-CWIT-3A311H.5,05/21/2026 15:42
TRLU6012033,3132631,MSC180312,CWIT-4D,Y-CWIT-4D412J.4,05/21/2026 09:14
ONEY6014487,3132625,MSC180312,CWIT-5D,Y-CWIT-5D746B.6,05/21/2026 09:12
GCXU6012017,3132619,MSC180312,CWIT-1B,Y-CWIT-1B065C.2,05/21/2026 09:09
OOLU6014904,3132617,MSC180312,CWIT-4D,Y-CWIT-4D214M.3,05/21/2026 09:08
CMAU6009107,3132605,MSC180312,CWIT-4D,Y-CWIT-4D269G.3,05/21/2026 09:03
HLCU6010625,3132589,MSC180312,CWIT-4D,Y-CWIT-4D288C.1,05/21/2026 08:56
TRLU6015390,3132570,MSC180312,CWIT-1B,Y-CWIT-1B780N.4,05/21/2026 08:48
HLCU6008192,3132550,MSC180312,CWIT-4D,Y-CWIT-4D794B.2,05/21/2026 08:40
MSCU6015712,3132549,MSC180312,CWIT-4D,Y-CWIT-4D424B.6,05/21/2026 08:39
OOLU6012591,3132278,CQN180384,CWIT-3A,Y-CWIT-3A556B.5,05/21/2026 02:37
OOLU6012878,3132277,CQN180384,CWIT-3A,Y-CWIT-3A700J.4,05/21/2026 02:36
TRLU6015674,3132260,CQN180384,CWIT-3A,Y-CWIT-3A464B.1,05/21/2026 02:29
MAEU6013158,3132257,CQN180384,CWIT-2A,Y-CWIT-2A728K.5,05/21/2026 02:28
TRLU6013683,3132253,CQN180384,CWIT-3A,Y-CWIT-3A679A.6,05/21/2026 02:26
GCXU6010298,3132250,CQN180384,CWIT-3A,Y-CWIT-3A834B.5,05/21/2026 02:25
GCXU6015038,3132248,CQN180384,CWIT-3A,Y-CWIT-3A460B.4,05/21/2026 02:24
GCXU6009741,3132234,CQN180384,CWIT-3A,Y-CWIT-3A144G.3,05/21/2026 02:18
OOLU6010200,3132233,CQN180384,CWIT-3A,Y-CWIT-3A168D.6,05/21/2026 02:18
OOLU6015650,3132221,CQN180384,CWIT-2A,Y-CWIT-2A745F.2,05/21/2026 02:13
OOLU6009794,3132220,CQN180384,CWIT-3A,Y-CWIT-3A592D.3,05/21/2026 02:12
MAEU6009526,3132217,CQN180384,CWIT-3A,Y-CWIT-3A441H.1,05/21/2026 02:11
HLCU6015108,3132209,CQN180384,CWIT-3A,Y-CWIT-3A071E.5,05/21/2026 02:08
TRLU6012881,3132202,CQN180384,CWIT-3A,Y-CWIT-3A619M.6,05/21/2026 02:05
OOLU6014677,3132198,CQN180384,CWIT-1B,Y-CWIT-1B987F.4,05/21/2026 02:03
MSCU6014200,3132197,CQN180384,CWIT-1B,Y-CWIT-1B801J.1,05/21/2026 02:02
GCXU6014779,3132194,CQN180384,CWIT-1B,Y-CWIT-1B257A.4,05/21/2026 02:01
TRLU6011273,3132536,MSC180312,CWIT-4D,Y-CWIT-4D072B.2,05/20/2026 14:31
ONEY6015710,3132528,MSC180312,CWIT-3A,Y-CWIT-3A248B.4,05/20/2026 14:27
OOLU6011279,3132525,MSC180312,CWIT-3A,Y-CWIT-3A074D.6,05/20/2026 14:26
GCXU6014190,3132526,MSC180312,CWIT-3A,Y-CWIT-3A628E.1,05/20/2026 14:26
GCXU6011994,3132522,MSC180312,CWIT-3A,Y-CWIT-3A226H.3,05/20/2026 14:24
HLCU6015708,3132515,MSC180312,CWIT-3A,Y-CWIT-3A472B.6,05/20/2026 14:20
OOLU6015706,3132513,MSC180312,CWIT-3A,Y-CWIT-3A641C.1,05/20/2026 14:19
MSCU6015705,3132508,MSC180312,CWIT-3A,Y-CWIT-3A506G.4,05/20/2026 14:17
CMAU6008857,3132499,MSC180312,CWIT-3A,Y-CWIT-3A261B.5,05/20/2026 14:12
MSCU6010101,3132486,MSC180312,CWIT-3A,Y-CWIT-3A645B.3,05/20/2026 14:05
OOLU6015702,3132477,MSC180312,CWIT-3A,Y-CWIT-3A288A.4,05/20/2026 14:01
TRLU6012796,3132193,CQN180384,CWIT-1B,Y-CWIT-1B660B.2,05/20/2026 12:51
MAEU6014511,3132183,CQN180384,CWIT-1B,Y-CWIT-1B957D.1,05/20/2026 12:47
HLCU6015666,3132178,CQN180384,CWIT-1B,Y-CWIT-1B619D.4,05/20/2026 12:45
HLCU6010816,3132171,CQN180384,CWIT-1B,Y-CWIT-1B131H.2,05/20/2026 12:42
HLCU6013741,3132150,CQN180384,CWIT-3A,Y-CWIT-3A666F.6,05/20/2026 12:33
GCXU6015664,3132141,CQN180384,CWIT-1B,Y-CWIT-1B496E.4,05/20/2026 12:29
ONEY6013522,3132131,CQN180384,CWIT-1B,Y-CWIT-1B439C.4,05/20/2026 12:25
CMAU6013428,3132123,CQN180384,CWIT-1B,Y-CWIT-1B063D.1,05/20/2026 12:22
MAEU6013119,3132108,CQN180384,CWIT-5D,Y-CWIT-5D828K.3,05/20/2026 12:15
OOLU6012594,3132079,CQN180384,CWIT-5D,Y-CWIT-5D064E.4,05/19/2026 22:27
HLCU6015062,3132073,CQN180384,CWIT-4D,Y-CWIT-4D921E.4,05/19/2026 22:25
CMAU6015656,3132062,CQN180384,CWIT-5D,Y-CWIT-5D255L.4,05/19/2026 22:20
CMAU6015652,3132039,CQN180384,CWIT-5D,Y-CWIT-5D491C.6,05/19/2026 22:10
MAEU6013700,3132037,CQN180384,CWIT-5D,Y-CWIT-5D418M.6,05/19/2026 22:09
CMAU6012718,3132030,CQN180384,CWIT-4D,Y-CWIT-4D011C.5,05/19/2026 22:07
GCXU6012783,3132027,CQN180384,CWIT-5D,Y-CWIT-5D619M.1,05/19/2026 22:05
TRLU6010700,3132024,CQN180384,CWIT-5D,Y-CWIT-5D303E.6,05/19/2026 22:04
GCXU6015701,3132459,MSC180312,CWIT-3A,Y-CWIT-3A427E.2,05/19/2026 20:12
MAEU6011309,3132454,MSC180312,CWIT-3A,Y-CWIT-3A499F.5,05/19/2026 20:10
OOLU6015700,3132443,MSC180312,CWIT-5D,Y-CWIT-5D093C.6,05/19/2026 20:06
CMAU6011560,3132434,MSC180312,CWIT-5D,Y-CWIT-5D090F.3,05/19/2026 20:03
GCXU6012059,3132430,MSC180312,CWIT-5D,Y-CWIT-5D441N.1,05/19/2026 20:02
OOLU6012944,3132426,MSC180312,CWIT-5D,Y-CWIT-5D652B.2,05/19/2026 20:00
MSCU6008320,3132420,MSC180312,CWIT-5D,Y-CWIT-5D990E.3,05/19/2026 19:58
MAEU6015697,3132412,MSC180312,CWIT-5D,Y-CWIT-5D359A.6,05/19/2026 19:55
ONEY6015693,3132392,MSC180312,CWIT-5D,Y-CWIT-5D303J.4,05/19/2026 19:48
HLCU6012576,3132389,MSC180312,CWIT-5D,Y-CWIT-5D603J.5,05/19/2026 19:47
OOLU6015691,3132388,MSC180312,CWIT-5D,Y-CWIT-5D798N.3,05/19/2026 19:47
GCXU6013116,3132016,CQN180384,CWIT-2A,Y-CWIT-2A620D.5,05/19/2026 08:19
MSCU6008617,3132007,CQN180384,CWIT-1B,Y-CWIT-1B318N.3,05/19/2026 08:15
MAEU6011359,3131979,CQN180384,CWIT-2A,Y-CWIT-2A826G.4,05/19/2026 08:04
