Unit ID,Unit Visit Gkey,Outbound Service,Current Yard Block,Current Slot Position,Move Complete Time
MAEU6006902,3006902,,1K,Y-AECY-1K01501C1,06/09/2026 21:36
MAEU6007450,3007450,,1K,Y-AECY-1K02710C1,06/09/2026 21:36
HLCU6000505,3000505,,1K,Y-AECY-1K03606C1,06/09/2026 21:35
OOLU6001373,3001373,,1K,Y-AECY-1K00303C1,06/09/2026 21:34
HLCU6005065,3005065,,1K,Y-AECY-1K01903C1,06/09/2026 21:34
MAEU6005597,3005597,,1K,Y-AECY-1K03903C1,06/09/2026 21:33
OOLU6005283,3005283,,1K,Y-AECY-1K03708C1,06/09/2026 21:31
TRLU6000582,3000582,,1K,Y-AECY-1K01902C1,06/09/2026 21:30
HLCU6002096,3002096,,1K,Y-AECY-1K04001C1,06/09/2026 21:27
OOLU6006295,3006295,,1K,Y-AECY-1K03206C1,06/09/2026 21:27
ONEY6004558,3004558,,1K,Y-AECY-1K00206C1,06/09/2026 21:25
OOLU6006490,3006490,,1K,Y-AECY-1K03506C1,06/09/2026 21:23
GCXU6007876,3007876,,1K,Y-AECY-1K01104C1,06/09/2026 21:22
TRLU6007767,3007767,,1K,Y-AECY-1K03405C1,06/09/2026 21:21
ONEY6007875,3007875,,1K,Y-AECY-1K01310C1,06/09/2026 21:20
ONEY6005718,3005718,,1K,Y-AECY-1K02009C1,06/09/2026 21:18
MAEU6003223,3003223,,1K,Y-AECY-1K02602C1,06/09/2026 21:17
TRLU6001138,3001138,,1K,Y-AECY-1K02807C1,06/09/2026 21:16
CMAU6007681,3007681,,1K,Y-AECY-1K01601C1,06/09/2026 21:15
GCXU6006860,3006860,,1K,Y-AECY-1K02310C1,06/09/2026 21:14
TRLU6001694,3001694,,1K,Y-AECY-1K02907C1,06/09/2026 21:12
HLCU6005859,3005859,,1K,Y-AECY-1K03106C1,06/09/2026 21:11
CMAU6006820,3006820,,1K,Y-AECY-1K02207C1,06/09/2026 21:11
MAEU6007736,3007736,,1K,Y-AECY-1K01310C2,06/09/2026 21:10
TRLU6006816,3006816,,1K,Y-AECY-1K02307C1,06/09/2026 21:09
MSCU6002035,3002035,,1K,Y-AECY-1K02509C1,06/09/2026 21:08
HLCU6007299,3007299,,1K,Y-AECY-1K01809C1,06/09/2026 21:08
CMAU6006443,3006443,,1K,Y-AECY-1K01610C1,06/09/2026 21:07
HLCU6003386,3003386,,1K,Y-AECY-1K03609C1,06/09/2026 21:05
TRLU6007874,3007874,,1K,Y-AECY-1K03401C1,06/09/2026 21:05
HLCU6002999,3002999,,1K,Y-AECY-1K01202C1,06/09/2026 21:03
CMAU6007272,3007272,,1K,Y-AECY-1K00703C1,06/09/2026 21:01
ONEY6002034,3002034,,1K,Y-AECY-1K02304C1,06/09/2026 21:00
GCXU6005456,3005456,,1K,Y-AECY-1K02406C1,06/09/2026 07:51
OOLU6007606,3007606,,1K,Y-AECY-1K01201C1,06/09/2026 07:51
ONEY6003005,3003005,,1K,Y-AECY-1K02210C1,06/09/2026 07:50
HLCU6004727,3004727,,1K,Y-AECY-1K01808C1,06/09/2026 07:48
CMAU6007873,3007873,,1K,Y-AECY-1K02502C1,06/09/2026 07:48
CMAU6003757,3003757,,1K,Y-AECY-1K01101C1,06/09/2026 07:46
CMAU6007872,3007872,,1K,Y-AECY-1K01807C1,06/09/2026 07:45
CMAU6006652,3006652,,1K,Y-AECY-1K04006C1,06/09/2026 07:44
HLCU6003986,3003986,,1K,Y-AECY-1K04002C1,06/09/2026 07:41
TRLU6001173,3001173,,1K,Y-AECY-1K04005C1,06/09/2026 07:39
HLCU6000344,3000344,,1K,Y-AECY-1K00506C1,06/09/2026 07:37
CMAU6007787,3007787,,1K,Y-AECY-1K00305C1,06/09/2026 07:37
OOLU6007871,3007871,,1K,Y-AECY-1K03610C1,06/09/2026 07:36
MSCU6004512,3004512,,1K,Y-AECY-1K03505C1,06/09/2026 07:35
TRLU6000538,3000538,,1K,Y-AECY-1K03609C2,06/09/2026 07:34
GCXU6007870,3007870,,1K,Y-AECY-1K00703C2,06/09/2026 07:34
CMAU6001051,3001051,,1K,Y-AECY-1K03603C1,06/09/2026 07:33
CMAU6000346,3000346,,1K,Y-AECY-1K03410C1,06/09/2026 07:32
GCXU6002548,3002548,,1K,Y-AECY-1K00606C1,06/09/2026 07:31
ONEY6007869,3007869,,1K,Y-AECY-1K02902C1,06/09/2026 07:31
GCXU6007868,3007868,,1K,Y-AECY-1K00103C1,06/09/2026 07:30
ONEY6001302,3001302,,1K,Y-AECY-1K01401C1,06/09/2026 07:28
GCXU6002729,3002729,,1K,Y-AECY-1K01903C2,06/09/2026 07:23
TRLU6004248,3004248,,1K,Y-AECY-1K00705C1,06/09/2026 07:22
MAEU6007327,3007327,,1K,Y-AECY-1K03807C1,06/09/2026 07:22
MSCU6005481,3005481,,1K,Y-AECY-1K02304C2,06/09/2026 07:21
ONEY6001398,3001398,,1K,Y-AECY-1K03910C1,06/09/2026 07:20
ONEY6003360,3003360,,1K,Y-AECY-1K03204C1,06/09/2026 07:19
GCXU6007867,3007867,,1K,Y-AECY-1K03610C2,06/09/2026 07:18
GCXU6005444,3005444,,1K,Y-AECY-1K02209C1,06/09/2026 07:17
MSCU6001264,3001264,,1K,Y-AECY-1K01802C1,06/09/2026 07:16
OOLU6000870,3000870,,1K,Y-AECY-1K01608C1,06/09/2026 07:15
ONEY6002218,3002218,,1K,Y-AECY-1K02910C1,06/09/2026 07:14
MAEU6007532,3007532,,1K,Y-AECY-1K03209C1,06/09/2026 07:13
MSCU6004903,3004903,,1K,Y-AECY-1K03907C1,06/09/2026 07:12
MSCU6004624,3004624,,1K,Y-AECY-1K01707C1,06/09/2026 07:10
GCXU6007133,3007133,,1K,Y-AECY-1K00606C2,06/09/2026 07:10
OOLU6006207,3006207,,1K,Y-AECY-1K00809C1,06/09/2026 07:09
CMAU6000323,3000323,,1K,Y-AECY-1K03310C1,06/09/2026 07:08
MSCU6007866,3007866,,1K,Y-AECY-1K04001C2,06/09/2026 07:08
MSCU6001848,3001848,,1K,Y-AECY-1K01608C2,06/08/2026 22:38
CMAU6002927,3002927,,1K,Y-AECY-1K02501C1,06/08/2026 22:37
ONEY6002409,3002409,,1K,Y-AECY-1K02910C2,06/08/2026 22:36
MSCU6000479,3000479,,1K,Y-AECY-1K03610C3,06/08/2026 22:34
HLCU6005558,3005558,,1K,Y-AECY-1K00510C1,06/08/2026 22:33
MSCU6007737,3007737,,1K,Y-AECY-1K01704C1,06/08/2026 22:33
MAEU6004151,3004151,,1K,Y-AECY-1K03903C2,06/08/2026 22:30
OOLU6002600,3002600,,1K,Y-AECY-1K00510C2,06/08/2026 22:29
GCXU6001630,3001630,,1K,Y-AECY-1K00901C1,06/08/2026 22:28
MAEU6007814,3007814,,1K,Y-AECY-1K01004C1,06/08/2026 22:28
MSCU6000779,3000779,,1K,Y-AECY-1K02309C1,06/08/2026 22:26
MSCU6004131,3004131,,1K,Y-AECY-1K01102C1,06/08/2026 22:21
MSCU6005535,3005535,,1K,Y-AECY-1K03810C1,06/08/2026 22:19
CMAU6005172,3005172,,1K,Y-AECY-1K02406C2,06/08/2026 22:17
ONEY6006718,3006718,,1K,Y-AECY-1K02804C1,06/08/2026 22:17
MAEU6007813,3007813,,1K,Y-AECY-1K00506C2,06/08/2026 22:16
MSCU6001610,3001610,,1K,Y-AECY-1K01204C1,06/08/2026 22:14
GCXU6006831,3006831,,1K,Y-AECY-1K02108C1,06/08/2026 22:13
OOLU6004258,3004258,,1K,Y-AECY-1K03009C1,06/08/2026 22:12
MAEU6006126,3006126,,1K,Y-AECY-1K03309C1,06/08/2026 22:09
ONEY6001584,3001584,,1K,Y-AECY-1K00407C1,06/08/2026 22:07
CMAU6005307,3005307,,1K,Y-AECY-1K02502C2,06/08/2026 22:06
CMAU6004658,3004658,,1K,Y-AECY-1K03601C1,06/08/2026 22:05
TRLU6001927,3001927,,1K,Y-AECY-1K01804C1,06/08/2026 22:04
TRLU6004878,3004878,,1K,Y-AECY-1K03909C1,06/08/2026 22:02
MSCU6002117,3002117,,1K,Y-AECY-1K01103C1,06/08/2026 21:59
MSCU6006737,3006737,,1K,Y-AECY-1K00710C1,06/08/2026 21:58
MAEU6001688,3001688,,1K,Y-AECY-1K00704C1,06/08/2026 21:57
CMAU6005363,3005363,,1K,Y-AECY-1K02204C1,06/08/2026 21:56
CMAU6003133,3003133,,1K,Y-AECY-1K03506C2,06/08/2026 21:55
ONEY6004639,3004639,,1K,Y-AECY-1K00308C1,06/08/2026 21:53
MSCU6005140,3005140,,1K,Y-AECY-1K00210C1,06/08/2026 21:53
ONEY6003003,3003003,,1K,Y-AECY-1K00206C2,06/08/2026 21:52
TRLU6005570,3005570,,1K,Y-AECY-1K02302C1,06/08/2026 21:52
HLCU6003778,3003778,,1K,Y-AECY-1K03305C1,06/08/2026 21:51
MAEU6006227,3006227,,1K,Y-AECY-1K01607C1,06/08/2026 21:51
ONEY6001752,3001752,,1K,Y-AECY-1K01604C1,06/08/2026 21:50
TRLU6003669,3003669,,1K,Y-AECY-1K03703C1,06/08/2026 21:50
ONEY6004263,3004263,,1K,Y-AECY-1K02905C1,06/08/2026 21:50
MAEU6001772,3001772,,1K,Y-AECY-1K01110C1,06/08/2026 21:49
OOLU6001864,3001864,,1K,Y-AECY-1K03401C2,06/08/2026 21:49
MAEU6007842,3007842,,1K,Y-AECY-1K00210C2,06/08/2026 21:49
OOLU6001250,3001250,,1K,Y-AECY-1K00601C1,06/08/2026 21:48
HLCU6003292,3003292,,1K,Y-AECY-1K01806C1,06/08/2026 21:48
GCXU6006978,3006978,,1K,Y-AECY-1K03806C1,06/08/2026 21:48
TRLU6007812,3007812,,1K,Y-AECY-1K00401C1,06/08/2026 21:48
GCXU6001390,3001390,,1K,Y-AECY-1K01107C1,06/08/2026 21:47
MSCU6007811,3007811,,1K,Y-AECY-1K03710C1,06/08/2026 21:47
OOLU6004494,3004494,,1K,Y-AECY-1K00205C1,06/08/2026 21:46
GCXU6005246,3005246,,1K,Y-AECY-1K00506C3,06/08/2026 21:46
ONEY6007552,3007552,,1K,Y-AECY-1K02407C1,06/08/2026 21:46
TRLU6000726,3000726,,1K,Y-AECY-1K02809C1,06/08/2026 21:45
OOLU6005192,3005192,,1K,Y-AECY-1K03010C1,06/08/2026 21:45
OOLU6001352,3001352,,1K,Y-AECY-1K02407C2,06/08/2026 21:44
OOLU6002945,3002945,,1K,Y-AECY-1K02103C1,06/08/2026 21:44
TRLU6007735,3007735,,1K,Y-AECY-1K00704C2,06/08/2026 21:43
MAEU6007810,3007810,,1K,Y-AECY-1K01605C1,06/08/2026 21:42
OOLU6007841,3007841,,1K,Y-AECY-1K03705C1,06/08/2026 21:42
MAEU6002029,3002029,,1K,Y-AECY-1K01406C1,06/08/2026 21:41
GCXU6001236,3001236,,1K,Y-AECY-1K02203C1,06/08/2026 21:40
CMAU6001829,3001829,,1K,Y-AECY-1K01306C1,06/08/2026 21:40
GCXU6007809,3007809,,1K,Y-AECY-1K02403C1,06/08/2026 21:38
MSCU6001763,3001763,,1K,Y-AECY-1K00407C2,06/08/2026 21:37
GCXU6002702,3002702,,1K,Y-AECY-1K02203C2,06/08/2026 21:37
OOLU6003048,3003048,,1K,Y-AECY-1K02704C1,06/08/2026 21:37
MSCU6000813,3000813,,1K,Y-AECY-1K00210C3,06/08/2026 21:36
TRLU6003715,3003715,,1K,Y-AECY-1K00504C1,06/08/2026 21:36
GCXU6001145,3001145,,1K,Y-AECY-1K03702C1,06/08/2026 21:35
GCXU6003770,3003770,,1K,Y-AECY-1K00402C1,06/08/2026 21:34
ONEY6000581,3000581,,1K,Y-AECY-1K03301C1,06/08/2026 21:33
GCXU6005401,3005401,,1K,Y-AECY-1K00104C1,06/08/2026 21:32
MSCU6000035,3000035,,1K,Y-AECY-1K00502C1,06/08/2026 21:31
MSCU6001732,3001732,,1K,Y-AECY-1K00902C1,06/08/2026 21:31
HLCU6002190,3002190,,1K,Y-AECY-1K02709C1,06/08/2026 21:30
CMAU6007840,3007840,,1K,Y-AECY-1K03503C1,06/08/2026 21:30
MSCU6007839,3007839,,1K,Y-AECY-1K00104C2,06/08/2026 21:28
OOLU6001820,3001820,,1K,Y-AECY-1K02706C1,06/08/2026 21:27
GCXU6004193,3004193,,1K,Y-AECY-1K00507C1,06/08/2026 21:27
CMAU6004040,3004040,,1K,Y-AECY-1K02706C2,06/08/2026 21:26
OOLU6001140,3001140,,1K,Y-AECY-1K00610C1,06/08/2026 21:25
GCXU6003769,3003769,,1K,Y-AECY-1K00508C1,06/08/2026 21:25
MSCU6003945,3003945,,1K,Y-AECY-1K01705C1,06/08/2026 21:22
GCXU6005940,3005940,,1K,Y-AECY-1K02404C1,06/08/2026 21:22
MAEU6007729,3007729,,1K,Y-AECY-1K03408C1,06/08/2026 21:21
MSCU6001628,3001628,,1K,Y-AECY-1K01810C1,06/08/2026 21:20
CMAU6004184,3004184,,1K,Y-AECY-1K01505C1,06/08/2026 21:20
MSCU6005745,3005745,,1K,Y-AECY-1K02103C2,06/08/2026 21:20
MSCU6002717,3002717,,1K,Y-AECY-1K03303C1,06/08/2026 21:19
CMAU6001799,3001799,,1K,Y-AECY-1K03008C1,06/08/2026 21:18
GCXU6007673,3007673,,1K,Y-AECY-1K03408C2,06/08/2026 21:18
TRLU6005068,3005068,,1K,Y-AECY-1K02006C1,06/08/2026 21:17
GCXU6007838,3007838,,1K,Y-AECY-1K02205C1,06/08/2026 21:17
ONEY6002379,3002379,,1K,Y-AECY-1K02610C1,06/08/2026 21:16
TRLU6005973,3005973,,1K,Y-AECY-1K02107C1,06/08/2026 21:15
MAEU6007837,3007837,,1K,Y-AECY-1K03402C1,06/08/2026 21:15
OOLU6000969,3000969,,1K,Y-AECY-1K02003C1,06/08/2026 21:14
GCXU6004169,3004169,,1K,Y-AECY-1K00801C1,06/08/2026 18:56
MAEU6000020,3000020,,1K,Y-AECY-1K02501C2,06/08/2026 18:55
TRLU6006221,3006221,,1K,Y-AECY-1K02302C2,06/08/2026 18:54
TRLU6005009,3005009,,1K,Y-AECY-1K02807C2,06/08/2026 18:52
MAEU6003311,3003311,,1K,Y-AECY-1K01402C1,06/08/2026 18:51
OOLU6003308,3003308,,1K,Y-AECY-1K03208C1,06/08/2026 18:50
MAEU6001291,3001291,,1K,Y-AECY-1K00207C1,06/08/2026 18:49
CMAU6003083,3003083,,1K,Y-AECY-1K01202C2,06/08/2026 18:47
CMAU6007863,3007863,,1K,Y-AECY-1K00101C1,06/08/2026 18:45
HLCU6006838,3006838,,1K,Y-AECY-1K03103C1,06/08/2026 18:44
OOLU6007457,3007457,,1K,Y-AECY-1K03102C1,06/08/2026 18:44
MSCU6007121,3007121,,1K,Y-AECY-1K01107C2,06/08/2026 18:42
TRLU6007862,3007862,,1K,Y-AECY-1K02305C1,06/08/2026 18:41
OOLU6003120,3003120,,1K,Y-AECY-1K01804C2,06/08/2026 18:39
CMAU6001504,3001504,,1K,Y-AECY-1K03410C2,06/08/2026 18:38
ONEY6000273,3000273,,1K,Y-AECY-1K03509C1,06/08/2026 18:37
ONEY6003258,3003258,,1K,Y-AECY-1K03605C1,06/08/2026 18:34
GCXU6006240,3006240,,1K,Y-AECY-1K02809C2,06/08/2026 18:33
MSCU6007861,3007861,,1K,Y-AECY-1K01201C2,06/08/2026 18:33
CMAU6007860,3007860,,1K,Y-AECY-1K02005C1,06/08/2026 18:30
ONEY6004856,3004856,,1K,Y-AECY-1K03102C2,06/08/2026 18:29
MSCU6000283,3000283,,1K,Y-AECY-1K02306C1,06/08/2026 18:28
GCXU6006629,3006629,,1K,Y-AECY-1K02407C3,06/08/2026 18:27
TRLU6007859,3007859,,1K,Y-AECY-1K02410C1,06/08/2026 18:27
MAEU6006041,3006041,,1K,Y-AECY-1K02505C1,06/08/2026 18:26
MAEU6001277,3001277,,1K,Y-AECY-1K00102C1,06/08/2026 18:22
GCXU6004517,3004517,,1K,Y-AECY-1K02103C3,06/08/2026 18:22
GCXU6006376,3006376,,1K,Y-AECY-1K03909C2,06/08/2026 18:20
TRLU6007541,3007541,,1K,Y-AECY-1K02506C1,06/08/2026 18:19
ONEY6004472,3004472,,1K,Y-AECY-1K00803C1,06/08/2026 18:16
GCXU6003031,3003031,,1K,Y-AECY-1K03102C3,06/08/2026 09:46
OOLU6004711,3004711,,1J,Y-AECY-1J01408C1,06/08/2026 09:45
MSCU6007808,3007808,,1J,Y-AECY-1J01107C1,06/08/2026 09:45
OOLU6002512,3002512,,1J,Y-AECY-1J02303C1,06/08/2026 09:43
OOLU6002567,3002567,,1J,Y-AECY-1J03904C1,06/08/2026 09:39
GCXU6003326,3003326,,1J,Y-AECY-1J01702C1,06/08/2026 09:38
MSCU6003677,3003677,,1J,Y-AECY-1J00308C1,06/08/2026 09:37
ONEY6005531,3005531,,1J,Y-AECY-1J03407C1,06/08/2026 09:36
OOLU6006117,3006117,,1J,Y-AECY-1J00502C1,06/08/2026 09:35
MAEU6007807,3007807,,1J,Y-AECY-1J03710C1,06/08/2026 09:34
GCXU6007806,3007806,,1J,Y-AECY-1J02304C1,06/08/2026 09:32
CMAU6002573,3002573,,1J,Y-AECY-1J01501C1,06/08/2026 09:31
GCXU6007805,3007805,,1J,Y-AECY-1J02201C1,06/08/2026 09:29
TRLU6003859,3003859,,1J,Y-AECY-1J00810C1,06/08/2026 09:28
HLCU6007804,3007804,,1J,Y-AECY-1J00901C1,06/08/2026 09:26
TRLU6004543,3004543,,1J,Y-AECY-1J00304C1,06/08/2026 09:25
CMAU6006299,3006299,,1J,Y-AECY-1J02608C1,06/08/2026 09:24
MSCU6004313,3004313,,1J,Y-AECY-1J01309C1,06/08/2026 09:23
HLCU6007803,3007803,,1J,Y-AECY-1J03006C1,06/08/2026 09:22
GCXU6000015,3000015,,1J,Y-AECY-1J04009C1,06/08/2026 09:21
MAEU6005109,3005109,,1J,Y-AECY-1J00806C1,06/08/2026 09:19
TRLU6002781,3002781,,1J,Y-AECY-1J00801C1,06/08/2026 09:18
HLCU6000044,3000044,,1J,Y-AECY-1J02501C1,06/08/2026 09:17
OOLU6001741,3001741,,1J,Y-AECY-1J02201C2,06/08/2026 09:16
CMAU6001662,3001662,,1J,Y-AECY-1J02008C1,06/08/2026 09:15
TRLU6005177,3005177,,1J,Y-AECY-1J00209C1,06/08/2026 09:14
GCXU6006445,3006445,,1J,Y-AECY-1J00609C1,06/08/2026 09:13
MSCU6007802,3007802,,1J,Y-AECY-1J01103C1,06/08/2026 09:12
TRLU6000977,3000977,,1J,Y-AECY-1J03103C1,06/08/2026 09:11
GCXU6001432,3001432,,1J,Y-AECY-1J03407C2,06/08/2026 09:10
OOLU6007547,3007547,,1J,Y-AECY-1J02410C1,06/08/2026 09:10
HLCU6004950,3004950,,1J,Y-AECY-1J02609C1,06/08/2026 09:09
GCXU6004835,3004835,,1J,Y-AECY-1J01204C1,06/08/2026 09:08
MAEU6001483,3001483,,1J,Y-AECY-1J03206C1,06/08/2026 09:04
ONEY6007514,3007514,,1J,Y-AECY-1J02607C1,06/08/2026 09:00
OOLU6007726,3007726,,1J,Y-AECY-1J03803C1,06/08/2026 09:00
MSCU6003216,3003216,,1J,Y-AECY-1J00804C1,06/08/2026 08:59
ONEY6006008,3006008,,1J,Y-AECY-1J01510C1,06/08/2026 08:58
GCXU6007801,3007801,,1J,Y-AECY-1J02308C1,06/08/2026 08:56
ONEY6002862,3002862,,1J,Y-AECY-1J01002C1,06/08/2026 08:55
GCXU6004785,3004785,,1J,Y-AECY-1J03109C1,06/08/2026 08:53
MAEU6001342,3001342,,1J,Y-AECY-1J01602C1,06/08/2026 08:52
GCXU6007799,3007799,,1J,Y-AECY-1J00901C2,06/08/2026 08:51
TRLU6007800,3007800,,1J,Y-AECY-1J02001C1,06/08/2026 08:51
HLCU6006685,3006685,,1J,Y-AECY-1J03805C1,06/08/2026 08:50
OOLU6007786,3007786,,1J,Y-AECY-1J01501C2,06/08/2026 08:47
ONEY6007798,3007798,,1J,Y-AECY-1J03905C1,06/08/2026 08:46
HLCU6007652,3007652,,1J,Y-AECY-1J03102C1,06/08/2026 08:45
MSCU6002074,3002074,,1J,Y-AECY-1J02003C1,06/08/2026 08:41
OOLU6002459,3002459,,1J,Y-AECY-1J02907C1,06/08/2026 08:41
GCXU6002321,3002321,,1J,Y-AECY-1J00606C1,06/08/2026 08:40
MSCU6000191,3000191,,1J,Y-AECY-1J03901C1,06/08/2026 08:39
MSCU6002332,3002332,,1J,Y-AECY-1J01707C1,06/08/2026 08:38
MAEU6007858,3007858,,1J,Y-AECY-1J01209C1,06/08/2026 08:36
ONEY6003353,3003353,,1J,Y-AECY-1J02401C1,06/08/2026 08:35
MAEU6007170,3007170,,1J,Y-AECY-1J03603C1,06/08/2026 08:35
OOLU6004976,3004976,,1J,Y-AECY-1J02507C1,06/08/2026 08:30
ONEY6001783,3001783,,1J,Y-AECY-1J02710C1,06/08/2026 08:29
CMAU6003465,3003465,,1J,Y-AECY-1J01708C1,06/08/2026 08:28
MSCU6007857,3007857,,1J,Y-AECY-1J00610C1,06/08/2026 08:25
GCXU6007856,3007856,,1J,Y-AECY-1J00602C1,06/08/2026 08:22
ONEY6007855,3007855,,1J,Y-AECY-1J00806C2,06/08/2026 08:21
HLCU6004520,3004520,,1J,Y-AECY-1J03006C2,06/08/2026 08:20
TRLU6007332,3007332,,1J,Y-AECY-1J01310C1,06/08/2026 08:17
ONEY6007854,3007854,,1J,Y-AECY-1J03109C2,06/08/2026 08:16
ONEY6007521,3007521,,1J,Y-AECY-1J00406C1,06/08/2026 08:15
GCXU6001865,3001865,,1J,Y-AECY-1J02002C1,06/08/2026 08:14
TRLU6002300,3002300,,1J,Y-AECY-1J01608C1,06/08/2026 08:13
CMAU6007853,3007853,,1J,Y-AECY-1J03001C1,06/08/2026 08:13
ONEY6004525,3004525,,1J,Y-AECY-1J03304C1,06/08/2026 08:12
ONEY6001303,3001303,,1J,Y-AECY-1J00102C1,06/08/2026 08:10
GCXU6001072,3001072,,1J,Y-AECY-1J03006C3,06/08/2026 08:08
MSCU6007492,3007492,,1J,Y-AECY-1J02808C1,06/08/2026 08:07
OOLU6007792,3007792,,1J,Y-AECY-1J02805C1,06/08/2026 08:05
CMAU6007058,3007058,,1J,Y-AECY-1J00305C1,06/08/2026 08:03
ONEY6005191,3005191,,1J,Y-AECY-1J03602C1,06/08/2026 08:02
OOLU6007852,3007852,,1J,Y-AECY-1J03204C1,06/08/2026 08:00
MSCU6007520,3007520,,1J,Y-AECY-1J01308C1,06/08/2026 07:59
ONEY6007851,3007851,,1J,Y-AECY-1J02710C2,06/08/2026 07:58
GCXU6003199,3003199,,1J,Y-AECY-1J01508C1,06/08/2026 07:55
GCXU6007850,3007850,,1J,Y-AECY-1J01605C1,06/08/2026 07:55
TRLU6003303,3003303,,1J,Y-AECY-1J03309C1,06/08/2026 07:53
GCXU6000615,3000615,,1J,Y-AECY-1J00910C1,06/08/2026 07:50
TRLU6003920,3003920,,1J,Y-AECY-1J02310C1,06/08/2026 07:34
OOLU6003228,3003228,,1J,Y-AECY-1J01607C1,06/08/2026 07:31
MAEU6002283,3002283,,1J,Y-AECY-1J02407C1,06/08/2026 07:30
TRLU6007461,3007461,,1J,Y-AECY-1J01107C2,06/08/2026 07:29
GCXU6000752,3000752,,1J,Y-AECY-1J03507C1,06/08/2026 07:28
TRLU6003122,3003122,,1J,Y-AECY-1J03008C1,06/08/2026 07:27
HLCU6007766,3007766,,1J,Y-AECY-1J03710C2,06/08/2026 07:26
MSCU6002891,3002891,,1J,Y-AECY-1J00706C1,06/08/2026 07:25
GCXU6005662,3005662,,1J,Y-AECY-1J03104C1,06/08/2026 07:24
ONEY6002159,3002159,,1J,Y-AECY-1J02709C1,06/08/2026 07:23
MAEU6001346,3001346,,1J,Y-AECY-1J00501C1,06/08/2026 07:21
TRLU6002857,3002857,,1J,Y-AECY-1J01001C1,06/08/2026 07:19
HLCU6002614,3002614,,1J,Y-AECY-1J01706C1,06/08/2026 07:18
TRLU6005023,3005023,,1J,Y-AECY-1J01401C1,06/08/2026 07:15
MAEU6001823,3001823,,1J,Y-AECY-1J04005C1,06/08/2026 07:14
TRLU6005884,3005884,,1J,Y-AECY-1J02301C1,06/08/2026 07:06
HLCU6006851,3006851,,1J,Y-AECY-1J01306C1,06/08/2026 07:02
ONEY6002083,3002083,,1J,Y-AECY-1J02007C1,06/08/2026 07:01
TRLU6003911,3003911,,1J,Y-AECY-1J02002C2,06/08/2026 06:58
CMAU6000601,3000601,,1J,Y-AECY-1J03405C1,06/08/2026 06:55
TRLU6007764,3007764,,1J,Y-AECY-1J03607C1,06/08/2026 06:54
MAEU6002170,3002170,,1J,Y-AECY-1J01308C2,06/08/2026 06:53
ONEY6000419,3000419,,1J,Y-AECY-1J03001C2,06/08/2026 06:52
MAEU6000825,3000825,,1J,Y-AECY-1J03902C1,06/08/2026 06:51
MSCU6000851,3000851,,1J,Y-AECY-1J02401C2,06/08/2026 06:50
MAEU6000070,3000070,,1J,Y-AECY-1J03608C1,06/08/2026 06:49
TRLU6007763,3007763,,1J,Y-AECY-1J02409C1,06/08/2026 06:46
HLCU6004345,3004345,,1J,Y-AECY-1J01807C1,06/08/2026 06:45
MSCU6005166,3005166,,1J,Y-AECY-1J01910C1,06/08/2026 06:43
ONEY6005818,3005818,,1J,Y-AECY-1J03104C2,06/08/2026 06:41
OOLU6003452,3003452,,1J,Y-AECY-1J02304C2,06/08/2026 06:38
HLCU6007762,3007762,,1J,Y-AECY-1J02108C1,06/08/2026 06:37
HLCU6004865,3004865,,1J,Y-AECY-1J03602C2,06/08/2026 06:34
MSCU6007761,3007761,,1J,Y-AECY-1J03802C1,06/08/2026 06:34
HLCU6007760,3007760,,1J,Y-AECY-1J03406C1,06/08/2026 06:33
CMAU6002989,3002989,,1J,Y-AECY-1J03804C1,06/08/2026 06:32
OOLU6002642,3002642,,1J,Y-AECY-1J02502C1,06/08/2026 06:31
GCXU6003063,3003063,,1J,Y-AECY-1J01708C2,06/08/2026 06:30
ONEY6003772,3003772,,1J,Y-AECY-1J01204C2,06/08/2026 06:29
CMAU6001441,3001441,,1J,Y-AECY-1J01009C1,06/08/2026 06:27
OOLU6007836,3007836,,1J,Y-AECY-1J03607C2,06/08/2026 05:01
MSCU6000641,3000641,,1J,Y-AECY-1J02606C1,06/08/2026 05:00
HLCU6003509,3003509,,1J,Y-AECY-1J01803C1,06/08/2026 04:59
HLCU6007835,3007835,,1J,Y-AECY-1J00205C1,06/08/2026 04:59
HLCU6007834,3007834,,1J,Y-AECY-1J00704C1,06/08/2026 04:58
OOLU6002656,3002656,,1J,Y-AECY-1J00710C1,06/08/2026 04:57
CMAU6003535,3003535,,1J,Y-AECY-1J03907C1,06/08/2026 04:57
MSCU6005164,3005164,,1J,Y-AECY-1J00105C1,06/08/2026 04:57
OOLU6002665,3002665,,1J,Y-AECY-1J03402C1,06/08/2026 04:55
GCXU6007833,3007833,,1J,Y-AECY-1J01207C1,06/08/2026 04:55
CMAU6001945,3001945,,1J,Y-AECY-1J03209C1,06/08/2026 04:52
HLCU6002272,3002272,,1J,Y-AECY-1J02609C2,06/08/2026 04:52
GCXU6003616,3003616,,1J,Y-AECY-1J02108C2,06/08/2026 04:51
HLCU6007832,3007832,,1J,Y-AECY-1J02701C1,06/08/2026 04:51
MAEU6005458,3005458,,1J,Y-AECY-1J01608C2,06/08/2026 04:50
MSCU6000819,3000819,,1J,Y-AECY-1J03210C1,06/08/2026 04:49
MAEU6006834,3006834,,1J,Y-AECY-1J00501C2,06/08/2026 04:49
GCXU6006982,3006982,,1J,Y-AECY-1J02607C2,06/08/2026 04:48
HLCU6005158,3005158,,1J,Y-AECY-1J02706C1,06/08/2026 04:47
GCXU6004780,3004780,,1J,Y-AECY-1J03105C1,06/08/2026 04:46
ONEY6003493,3003493,,1J,Y-AECY-1J01702C2,06/08/2026 04:45
GCXU6007153,3007153,,1J,Y-AECY-1J01807C2,06/08/2026 04:45
TRLU6000045,3000045,,1J,Y-AECY-1J01102C1,06/08/2026 04:43
MSCU6000449,3000449,,1J,Y-AECY-1J00209C2,06/08/2026 04:41
MSCU6003997,3003997,,1J,Y-AECY-1J01304C1,06/08/2026 04:40
TRLU6000543,3000543,,1J,Y-AECY-1J00601C1,06/08/2026 04:38
MAEU6004975,3004975,,1J,Y-AECY-1J01902C1,06/08/2026 04:38
MAEU6007830,3007830,,1J,Y-AECY-1J02201C3,06/08/2026 04:38
MAEU6003498,3003498,,1J,Y-AECY-1J00403C1,06/08/2026 04:37
HLCU6007469,3007469,,1J,Y-AECY-1J03501C1,06/08/2026 04:37
MAEU6005656,3005656,,1J,Y-AECY-1J00905C1,06/08/2026 04:36
OOLU6006193,3006193,,1J,Y-AECY-1J00501C3,06/08/2026 04:35
HLCU6007748,3007748,,1J,Y-AECY-1J01402C1,06/08/2026 04:35
MSCU6001749,3001749,,1J,Y-AECY-1J01505C1,06/08/2026 04:34
MAEU6007829,3007829,,1J,Y-AECY-1J03109C3,06/08/2026 04:34
TRLU6005528,3005528,,1J,Y-AECY-1J01307C1,06/08/2026 04:33
MSCU6007828,3007828,,1J,Y-AECY-1J01909C1,06/08/2026 04:33
MSCU6005890,3005890,,1J,Y-AECY-1J01506C1,06/08/2026 04:31
HLCU6006973,3006973,,1J,Y-AECY-1J02803C1,06/07/2026 21:34
HLCU6001118,3001118,,1J,Y-AECY-1J03102C2,06/07/2026 21:33
GCXU6000542,3000542,,1J,Y-AECY-1J02809C1,06/07/2026 21:32
TRLU6007618,3007618,,1J,Y-AECY-1J01207C2,06/07/2026 21:31
OOLU6007797,3007797,,1J,Y-AECY-1J03502C1,06/07/2026 21:30
ONEY6005121,3005121,,1J,Y-AECY-1J03603C2,06/07/2026 21:29
OOLU6004671,3004671,,1J,Y-AECY-1J01907C1,06/07/2026 21:25
MAEU6002129,3002129,,1J,Y-AECY-1J01807C3,06/07/2026 21:22
OOLU6007575,3007575,,1J,Y-AECY-1J01303C1,06/07/2026 21:20
CMAU6007607,3007607,,1J,Y-AECY-1J01110C1,06/07/2026 21:19
ONEY6007109,3007109,,1J,Y-AECY-1J01504C1,06/07/2026 21:13
CMAU6004233,3004233,,1J,Y-AECY-1J03508C1,06/07/2026 21:11
CMAU6002296,3002296,,1J,Y-AECY-1J03507C2,06/07/2026 21:08
GCXU6005916,3005916,,1J,Y-AECY-1J01306C2,06/07/2026 21:06
OOLU6000815,3000815,,1J,Y-AECY-1J02310C2,06/07/2026 21:04
HLCU6000867,3000867,,1J,Y-AECY-1J03802C2,06/07/2026 21:02
TRLU6004643,3004643,,1J,Y-AECY-1J02010C1,06/07/2026 21:01
GCXU6007290,3007290,,1J,Y-AECY-1J02609C3,06/07/2026 21:00
GCXU6005673,3005673,,1J,Y-AECY-1J00105C2,06/07/2026 20:59
HLCU6005719,3005719,,1J,Y-AECY-1J01406C1,06/07/2026 20:57
GCXU6003828,3003828,,1J,Y-AECY-1J00804C2,06/07/2026 20:56
ONEY6001705,3001705,,1J,Y-AECY-1J01608C3,06/07/2026 20:52
ONEY6000823,3000823,,1J,Y-AECY-1J03804C2,06/07/2026 20:45
ONEY6007671,3007671,,1J,Y-AECY-1J02510C1,06/07/2026 20:43
MSCU6007226,3007226,,1J,Y-AECY-1J02905C1,06/07/2026 20:42
MSCU6007195,3007195,,1J,Y-AECY-1J02810C1,06/07/2026 20:39
MAEU6000762,3000762,,1J,Y-AECY-1J03902C2,06/07/2026 20:38
GCXU6005692,3005692,,1J,Y-AECY-1J01105C1,06/07/2026 20:37
MAEU6007211,3007211,,1J,Y-AECY-1J04003C1,06/07/2026 20:35
HLCU6004104,3004104,,1J,Y-AECY-1J02101C1,06/07/2026 20:34
TRLU6000966,3000966,,1J,Y-AECY-1J01501C3,06/07/2026 20:33
HLCU6001088,3001088,,1J,Y-AECY-1J02502C2,06/07/2026 20:32
TRLU6002446,3002446,,1J,Y-AECY-1J03704C1,06/07/2026 20:31
ONEY6007794,3007794,,1J,Y-AECY-1J03406C2,06/07/2026 20:31
MAEU6004502,3004502,,1J,Y-AECY-1J03406C3,06/07/2026 20:25
ONEY6000993,3000993,,1J,Y-AECY-1J02702C1,06/07/2026 18:59
HLCU6004935,3004935,,1J,Y-AECY-1J00905C2,06/07/2026 18:58
GCXU6006935,3006935,,1J,Y-AECY-1J02604C1,06/07/2026 18:58
CMAU6000798,3000798,,1J,Y-AECY-1J00610C2,06/07/2026 18:57
MAEU6002804,3002804,,1J,Y-AECY-1J02106C1,06/07/2026 18:57
GCXU6002147,3002147,,1H,Y-AECY-1H02001C1,06/07/2026 18:56
MSCU6003555,3003555,,1H,Y-AECY-1H03907C1,06/07/2026 18:56
MAEU6004720,3004720,,1H,Y-AECY-1H00202C1,06/07/2026 18:56
MSCU6004679,3004679,,1H,Y-AECY-1H01507C1,06/07/2026 18:54
TRLU6007848,3007848,,1H,Y-AECY-1H00407C1,06/07/2026 18:53
MSCU6004614,3004614,,1H,Y-AECY-1H00504C1,06/07/2026 18:51
CMAU6004842,3004842,,1H,Y-AECY-1H02403C1,06/07/2026 18:51
OOLU6000577,3000577,,1H,Y-AECY-1H00307C1,06/07/2026 18:50
HLCU6005834,3005834,,1H,Y-AECY-1H01110C1,06/07/2026 18:49
OOLU6006280,3006280,,1H,Y-AECY-1H00701C1,06/07/2026 18:47
MSCU6001156,3001156,,1H,Y-AECY-1H03301C1,06/07/2026 18:46
TRLU6005932,3005932,,1H,Y-AECY-1H00107C1,06/07/2026 18:45
GCXU6006511,3006511,,1H,Y-AECY-1H03105C1,06/07/2026 18:44
TRLU6007161,3007161,,1H,Y-AECY-1H02803C1,06/07/2026 18:44
GCXU6007079,3007079,,1H,Y-AECY-1H02904C1,06/07/2026 18:43
TRLU6002141,3002141,,1H,Y-AECY-1H02509C1,06/07/2026 18:42
MAEU6007847,3007847,,1H,Y-AECY-1H03904C1,06/07/2026 18:42
ONEY6000177,3000177,,1H,Y-AECY-1H01606C1,06/07/2026 18:41
TRLU6006370,3006370,,1H,Y-AECY-1H01603C1,06/07/2026 18:38
OOLU6007702,3007702,,1H,Y-AECY-1H00304C1,06/07/2026 18:38
OOLU6002362,3002362,,1H,Y-AECY-1H03206C1,06/07/2026 18:36
TRLU6007846,3007846,,1H,Y-AECY-1H02001C2,06/07/2026 18:36
MAEU6007845,3007845,,1H,Y-AECY-1H03705C1,06/07/2026 18:34
GCXU6000219,3000219,,1H,Y-AECY-1H01001C1,06/07/2026 18:33
MSCU6002308,3002308,,1H,Y-AECY-1H01901C1,06/07/2026 18:33
MSCU6004853,3004853,,1H,Y-AECY-1H03208C1,06/07/2026 18:32
ONEY6007534,3007534,,1H,Y-AECY-1H03705C2,06/07/2026 18:32
MSCU6004960,3004960,,1H,Y-AECY-1H01308C1,06/07/2026 18:31
TRLU6005368,3005368,,1H,Y-AECY-1H00709C1,06/07/2026 18:31
CMAU6002960,3002960,,1H,Y-AECY-1H02605C1,06/07/2026 18:30
GCXU6007844,3007844,,1H,Y-AECY-1H03901C1,06/07/2026 18:30
HLCU6001392,3001392,,1H,Y-AECY-1H00407C2,06/07/2026 18:29
OOLU6003562,3003562,,1H,Y-AECY-1H02303C1,06/07/2026 18:28
HLCU6007843,3007843,,1H,Y-AECY-1H03203C1,06/07/2026 18:28
HLCU6004833,3004833,,1H,Y-AECY-1H00501C1,06/07/2026 18:10
ONEY6002265,3002265,,1H,Y-AECY-1H02407C1,06/07/2026 18:08
MSCU6000209,3000209,,1H,Y-AECY-1H01407C1,06/07/2026 18:07
MAEU6003520,3003520,,1H,Y-AECY-1H01002C1,06/07/2026 18:07
MSCU6002363,3002363,,1H,Y-AECY-1H01006C1,06/07/2026 18:06
CMAU6002441,3002441,,1H,Y-AECY-1H02505C1,06/07/2026 18:04
CMAU6006086,3006086,,1H,Y-AECY-1H03702C1,06/07/2026 18:02
TRLU6000163,3000163,,1H,Y-AECY-1H01501C1,06/07/2026 18:01
MAEU6000255,3000255,,1H,Y-AECY-1H03709C1,06/07/2026 17:58
TRLU6000778,3000778,,1H,Y-AECY-1H01106C1,06/07/2026 17:52
GCXU6002368,3002368,,1H,Y-AECY-1H03110C1,06/07/2026 17:52
OOLU6003919,3003919,,1H,Y-AECY-1H01404C1,06/07/2026 17:51
MSCU6006087,3006087,,1H,Y-AECY-1H02707C1,06/07/2026 17:51
OOLU6007725,3007725,,1H,Y-AECY-1H03607C1,06/07/2026 17:49
OOLU6007723,3007723,,1H,Y-AECY-1H01405C1,06/07/2026 17:46
GCXU6007724,3007724,,1H,Y-AECY-1H03401C1,06/07/2026 17:46
ONEY6006793,3006793,,1H,Y-AECY-1H02006C1,06/07/2026 17:45
MAEU6004007,3004007,,1H,Y-AECY-1H02306C1,06/07/2026 17:44
HLCU6005254,3005254,,1H,Y-AECY-1H00409C1,06/07/2026 17:42
CMAU6007759,3007759,,1H,Y-AECY-1H03501C1,06/07/2026 17:41
MSCU6006183,3006183,,1H,Y-AECY-1H01109C1,06/07/2026 17:40
MSCU6007758,3007758,,1H,Y-AECY-1H01910C1,06/07/2026 17:40
TRLU6006331,3006331,,1H,Y-AECY-1H03707C1,06/07/2026 17:39
ONEY6000878,3000878,,1H,Y-AECY-1H00906C1,06/07/2026 17:37
TRLU6003768,3003768,,1H,Y-AECY-1H02909C1,06/07/2026 17:37
CMAU6004626,3004626,,1H,Y-AECY-1H00710C1,06/07/2026 17:37
MSCU6003057,3003057,,1H,Y-AECY-1H01408C1,06/07/2026 17:36
CMAU6007721,3007721,,1H,Y-AECY-1H02309C1,06/07/2026 17:36
MAEU6002311,3002311,,1H,Y-AECY-1H03805C1,06/07/2026 17:35
CMAU6006720,3006720,,1H,Y-AECY-1H01006C2,06/07/2026 17:33
ONEY6007040,3007040,,1H,Y-AECY-1H01208C1,06/07/2026 17:33
ONEY6007503,3007503,,1H,Y-AECY-1H03810C1,06/07/2026 17:32
MSCU6003015,3003015,,1H,Y-AECY-1H01108C1,06/07/2026 17:31
GCXU6001099,3001099,,1H,Y-AECY-1H02601C1,06/07/2026 17:30
CMAU6001937,3001937,,1H,Y-AECY-1H02907C1,06/07/2026 17:30
CMAU6007720,3007720,,1H,Y-AECY-1H02704C1,06/07/2026 17:29
TRLU6007756,3007756,,1H,Y-AECY-1H03702C2,06/07/2026 17:28
OOLU6007510,3007510,,1H,Y-AECY-1H03305C1,06/07/2026 17:27
TRLU6007719,3007719,,1H,Y-AECY-1H01708C1,06/07/2026 17:26
ONEY6003467,3003467,,1H,Y-AECY-1H00505C1,06/07/2026 17:24
ONEY6004385,3004385,,1H,Y-AECY-1H01101C1,06/07/2026 17:24
OOLU6007754,3007754,,1H,Y-AECY-1H01203C1,06/07/2026 17:18
MAEU6001227,3001227,,1H,Y-AECY-1H02601C2,06/07/2026 17:16
TRLU6007753,3007753,,1H,Y-AECY-1H02605C2,06/07/2026 17:13
CMAU6007752,3007752,,1H,Y-AECY-1H03701C1,06/07/2026 17:10
MAEU6000099,3000099,,1H,Y-AECY-1H03102C1,06/07/2026 17:07
MAEU6003180,3003180,,1H,Y-AECY-1H03709C2,06/07/2026 17:06
MAEU6006537,3006537,,1H,Y-AECY-1H01903C1,06/07/2026 17:05
CMAU6000090,3000090,,1H,Y-AECY-1H01308C2,06/07/2026 17:04
OOLU6000598,3000598,,1H,Y-AECY-1H01808C1,06/07/2026 17:03
HLCU6007634,3007634,,1H,Y-AECY-1H03802C1,06/07/2026 17:01
GCXU6005220,3005220,,1H,Y-AECY-1H00903C1,06/07/2026 17:00
MSCU6000914,3000914,,1H,Y-AECY-1H01506C1,06/07/2026 16:58
MAEU6006170,3006170,,1H,Y-AECY-1H00106C1,06/07/2026 16:57
CMAU6004938,3004938,,1H,Y-AECY-1H01309C1,06/07/2026 16:56
GCXU6001310,3001310,,1H,Y-AECY-1H04002C1,06/07/2026 16:55
ONEY6002137,3002137,,1H,Y-AECY-1H00407C3,06/07/2026 16:51
HLCU6003265,3003265,,1H,Y-AECY-1H00206C1,06/07/2026 16:50
GCXU6006205,3006205,,1H,Y-AECY-1H03206C2,06/07/2026 16:49
ONEY6000077,3000077,,1H,Y-AECY-1H01202C1,06/07/2026 16:47
ONEY6006069,3006069,,1H,Y-AECY-1H02401C1,06/07/2026 16:46
HLCU6000184,3000184,,1H,Y-AECY-1H01406C1,06/07/2026 16:45
OOLU6003944,3003944,,1H,Y-AECY-1H00906C2,06/07/2026 16:44
GCXU6007751,3007751,,1H,Y-AECY-1H00802C1,06/07/2026 16:43
TRLU6002709,3002709,,1H,Y-AECY-1H02807C1,06/07/2026 16:41
HLCU6007750,3007750,,1H,Y-AECY-1H01906C1,06/07/2026 16:40
MSCU6007203,3007203,,1H,Y-AECY-1H03001C1,06/07/2026 16:38
CMAU6004620,3004620,,1H,Y-AECY-1H00201C1,06/07/2026 16:37
MAEU6006864,3006864,,1H,Y-AECY-1H04007C1,06/07/2026 16:35
CMAU6001400,3001400,,1H,Y-AECY-1H03906C1,06/07/2026 16:07
TRLU6005766,3005766,,1H,Y-AECY-1H02108C1,06/07/2026 16:06
CMAU6007827,3007827,,1H,Y-AECY-1H01303C1,06/07/2026 16:06
CMAU6005760,3005760,,1H,Y-AECY-1H00605C1,06/07/2026 16:05
MAEU6006283,3006283,,1H,Y-AECY-1H00204C1,06/07/2026 16:04
OOLU6005095,3005095,,1H,Y-AECY-1H03510C1,06/07/2026 16:01
ONEY6007826,3007826,,1H,Y-AECY-1H01903C2,06/07/2026 16:01
OOLU6000600,3000600,,1H,Y-AECY-1H00108C1,06/07/2026 15:59
CMAU6004619,3004619,,1H,Y-AECY-1H01303C2,06/07/2026 15:59
ONEY6006401,3006401,,1H,Y-AECY-1H01908C1,06/07/2026 15:58
MAEU6005468,3005468,,1H,Y-AECY-1H01905C1,06/07/2026 15:56
CMAU6000442,3000442,,1H,Y-AECY-1H02606C1,06/07/2026 15:55
MSCU6003313,3003313,,1H,Y-AECY-1H00210C1,06/07/2026 15:54
HLCU6007825,3007825,,1H,Y-AECY-1H03007C1,06/07/2026 15:53
HLCU6005984,3005984,,1H,Y-AECY-1H02306C2,06/07/2026 15:52
OOLU6004098,3004098,,1H,Y-AECY-1H03703C1,06/07/2026 15:51
MSCU6007824,3007824,,1H,Y-AECY-1H04009C1,06/07/2026 15:48
CMAU6000739,3000739,,1H,Y-AECY-1H00603C1,06/07/2026 15:47
ONEY6001609,3001609,,1H,Y-AECY-1H02209C1,06/07/2026 15:45
GCXU6007690,3007690,,1H,Y-AECY-1H02105C1,06/07/2026 15:44
OOLU6002790,3002790,,1H,Y-AECY-1H02610C1,06/07/2026 15:42
CMAU6004497,3004497,,1H,Y-AECY-1H02403C2,06/07/2026 15:39
CMAU6007822,3007822,,1H,Y-AECY-1H01406C2,06/07/2026 15:39
HLCU6000696,3000696,,1H,Y-AECY-1H00709C2,06/07/2026 15:37
ONEY6002712,3002712,,1H,Y-AECY-1H00810C1,06/07/2026 15:36
MAEU6005336,3005336,,1H,Y-AECY-1H03610C1,06/07/2026 15:35
MSCU6007298,3007298,,1H,Y-AECY-1H00601C1,06/07/2026 15:35
TRLU6007821,3007821,,1H,Y-AECY-1H00904C1,06/07/2026 15:35
OOLU6000183,3000183,,1H,Y-AECY-1H01710C1,06/07/2026 15:33
GCXU6006369,3006369,,1H,Y-AECY-1H00507C1,06/07/2026 06:47
HLCU6004426,3004426,,1H,Y-AECY-1H01204C1,06/07/2026 06:46
MAEU6007793,3007793,,1H,Y-AECY-1H02501C1,06/07/2026 06:46
HLCU6006457,3006457,,1H,Y-AECY-1H00508C1,06/07/2026 06:43
OOLU6007791,3007791,,1H,Y-AECY-1H00301C1,06/07/2026 06:43
CMAU6006125,3006125,,1H,Y-AECY-1H03203C2,06/07/2026 06:42
HLCU6005941,3005941,,1H,Y-AECY-1H00503C1,06/07/2026 06:41
GCXU6001044,3001044,,1H,Y-AECY-1H01709C1,06/07/2026 06:40
ONEY6004451,3004451,,1H,Y-AECY-1H00209C1,06/07/2026 06:39
TRLU6006056,3006056,,1H,Y-AECY-1H00309C1,06/07/2026 06:38
HLCU6001706,3001706,,1H,Y-AECY-1H03110C2,06/07/2026 06:36
TRLU6007428,3007428,,1H,Y-AECY-1H02605C3,06/07/2026 06:35
OOLU6007788,3007788,,1H,Y-AECY-1H03002C1,06/07/2026 06:34
ONEY6000570,3000570,,1H,Y-AECY-1H01703C1,06/07/2026 06:33
MAEU6004031,3004031,,1H,Y-AECY-1H02101C1,06/07/2026 06:32
CMAU6005748,3005748,,1H,Y-AECY-1H00701C2,06/07/2026 06:32
HLCU6004429,3004429,,1H,Y-AECY-1H03507C1,06/07/2026 06:31
MSCU6006700,3006700,,1H,Y-AECY-1H01507C2,06/07/2026 06:31
CMAU6004164,3004164,,1H,Y-AECY-1H03204C1,06/07/2026 06:30
HLCU6007326,3007326,,1H,Y-AECY-1H01009C1,06/07/2026 06:30
HLCU6004239,3004239,,1H,Y-AECY-1H00604C1,06/07/2026 06:29
CMAU6007375,3007375,,1H,Y-AECY-1H01206C1,06/07/2026 06:29
ONEY6004298,3004298,,1H,Y-AECY-1H03002C2,06/07/2026 06:28
OOLU6004425,3004425,,1H,Y-AECY-1H00104C1,06/07/2026 06:28
CMAU6005459,3005459,,1H,Y-AECY-1H01501C2,06/07/2026 06:27
MAEU6007414,3007414,,1H,Y-AECY-1H01507C3,06/07/2026 06:27
MAEU6003735,3003735,,1H,Y-AECY-1H03707C2,06/07/2026 06:25
OOLU6000642,3000642,,1H,Y-AECY-1H02002C1,06/07/2026 06:24
CMAU6006848,3006848,,1H,Y-AECY-1H01505C1,06/07/2026 06:24
TRLU6002056,3002056,,1H,Y-AECY-1H03701C2,06/07/2026 06:23
GCXU6007718,3007718,,1H,Y-AECY-1H02902C1,06/07/2026 06:23
OOLU6001463,3001463,,1H,Y-AECY-1H01705C1,06/07/2026 06:20
TRLU6001368,3001368,,1H,Y-AECY-1H03306C1,06/07/2026 06:19
MAEU6006713,3006713,,1H,Y-AECY-1H00807C1,06/07/2026 06:19
MSCU6007432,3007432,,1H,Y-AECY-1H00504C2,06/07/2026 06:18
HLCU6000068,3000068,,1H,Y-AECY-1H02405C1,06/07/2026 06:17
MSCU6007785,3007785,,1H,Y-AECY-1H01908C2,06/07/2026 06:16
GCXU6007784,3007784,,1H,Y-AECY-1H00803C1,06/07/2026 06:15
GCXU6006364,3006364,,1H,Y-AECY-1H01106C2,06/07/2026 06:14
TRLU6007783,3007783,,1H,Y-AECY-1H02803C2,06/07/2026 06:14
TRLU6002037,3002037,,1H,Y-AECY-1H02410C1,06/07/2026 06:13
CMAU6006053,3006053,,1H,Y-AECY-1H02205C1,06/07/2026 06:12
MSCU6005814,3005814,,1H,Y-AECY-1H01309C2,06/07/2026 06:11
OOLU6007717,3007717,,1H,Y-AECY-1H01903C3,06/07/2026 06:10
CMAU6002992,3002992,,1H,Y-AECY-1H03910C1,06/07/2026 06:08
TRLU6005628,3005628,,1H,Y-AECY-1H01809C1,06/07/2026 06:06
MAEU6000330,3000330,,1H,Y-AECY-1H03708C1,06/07/2026 06:05
OOLU6006090,3006090,,1H,Y-AECY-1H02008C1,06/07/2026 06:05
CMAU6003251,3003251,,1H,Y-AECY-1H00705C1,06/07/2026 06:03
HLCU6005960,3005960,,1H,Y-AECY-1H01609C1,06/07/2026 06:02
TRLU6003905,3003905,,1H,Y-AECY-1H00209C2,06/07/2026 06:01
HLCU6005954,3005954,,1H,Y-AECY-1H00608C1,06/07/2026 06:00
HLCU6001403,3001403,,1H,Y-AECY-1H03104C1,06/07/2026 05:58
GCXU6004182,3004182,,1H,Y-AECY-1H01608C1,06/07/2026 05:57
MSCU6000812,3000812,,1H,Y-AECY-1H03506C1,06/07/2026 05:56
ONEY6007715,3007715,,1H,Y-AECY-1H02703C1,06/07/2026 05:55
TRLU6005259,3005259,,1H,Y-AECY-1H02506C1,06/07/2026 05:54
MSCU6001249,3001249,,1H,Y-AECY-1H02610C2,06/07/2026 05:52
HLCU6007714,3007714,,1H,Y-AECY-1H01905C2,06/07/2026 05:51
TRLU6001296,3001296,,1H,Y-AECY-1H00509C1,06/07/2026 05:50
ONEY6003284,3003284,,1H,Y-AECY-1H01408C2,06/07/2026 05:50
HLCU6006284,3006284,,1H,Y-AECY-1H01010C1,06/07/2026 05:46
GCXU6005728,3005728,,1H,Y-AECY-1H03307C1,06/07/2026 05:45
OOLU6005663,3005663,,1H,Y-AECY-1H00503C2,06/07/2026 04:13
TRLU6005661,3005661,,1H,Y-AECY-1H03905C1,06/07/2026 04:12
OOLU6001753,3001753,,1H,Y-AECY-1H03004C1,06/07/2026 04:11
MSCU6002677,3002677,,1H,Y-AECY-1H00806C1,06/07/2026 04:09
HLCU6004364,3004364,,1H,Y-AECY-1H00102C1,06/07/2026 04:07
GCXU6005383,3005383,,1G,Y-AECY-1G02506C1,06/07/2026 04:06
OOLU6007749,3007749,,1G,Y-AECY-1G03607C1,06/07/2026 04:04
HLCU6001282,3001282,,1G,Y-AECY-1G01608C1,06/07/2026 04:03
OOLU6002118,3002118,,1G,Y-AECY-1G03709C1,06/07/2026 04:00
MSCU6005494,3005494,,1G,Y-AECY-1G00407C1,06/07/2026 04:00
HLCU6006468,3006468,,1G,Y-AECY-1G01801C1,06/07/2026 03:59
ONEY6007747,3007747,,1G,Y-AECY-1G02204C1,06/07/2026 03:57
GCXU6000218,3000218,,1G,Y-AECY-1G02206C1,06/07/2026 03:54
MAEU6005856,3005856,,1G,Y-AECY-1G02309C1,06/07/2026 03:54
HLCU6007745,3007745,,1G,Y-AECY-1G03308C1,06/07/2026 03:53
HLCU6004304,3004304,,1G,Y-AECY-1G02902C1,06/07/2026 03:51
TRLU6003375,3003375,,1G,Y-AECY-1G00906C1,06/07/2026 03:47
ONEY6007301,3007301,,1G,Y-AECY-1G03102C1,06/07/2026 03:46
HLCU6007743,3007743,,1G,Y-AECY-1G00709C1,06/07/2026 03:45
ONEY6003667,3003667,,1G,Y-AECY-1G02006C1,06/07/2026 03:44
OOLU6005417,3005417,,1G,Y-AECY-1G02401C1,06/07/2026 03:43
MAEU6003139,3003139,,1G,Y-AECY-1G00608C1,06/07/2026 03:41
TRLU6007610,3007610,,1G,Y-AECY-1G00705C1,06/07/2026 03:41
MSCU6000288,3000288,,1G,Y-AECY-1G02004C1,06/07/2026 03:40
HLCU6001361,3001361,,1G,Y-AECY-1G03507C1,06/07/2026 03:39
TRLU6001164,3001164,,1G,Y-AECY-1G03602C1,06/07/2026 03:36
OOLU6007180,3007180,,1G,Y-AECY-1G00707C1,06/06/2026 22:21
TRLU6004384,3004384,,1G,Y-AECY-1G03601C1,06/06/2026 22:20
GCXU6003337,3003337,,1G,Y-AECY-1G02804C1,06/06/2026 22:18
GCXU6006952,3006952,,1G,Y-AECY-1G00608C2,06/06/2026 22:18
HLCU6003797,3003797,,1G,Y-AECY-1G03604C1,06/06/2026 22:15
HLCU6005194,3005194,,1G,Y-AECY-1G03606C1,06/06/2026 22:15
CMAU6007550,3007550,,1G,Y-AECY-1G02901C1,06/06/2026 22:15
MAEU6002345,3002345,,1G,Y-AECY-1G01409C1,06/06/2026 22:14
MAEU6006225,3006225,,1G,Y-AECY-1G02008C1,06/06/2026 22:14
HLCU6006766,3006766,,1G,Y-AECY-1G03509C1,06/06/2026 22:13
HLCU6007621,3007621,,1G,Y-AECY-1G02205C1,06/06/2026 22:13
MAEU6004948,3004948,,1G,Y-AECY-1G00910C1,06/06/2026 22:12
CMAU6002664,3002664,,1G,Y-AECY-1G02204C2,06/06/2026 22:11
GCXU6007819,3007819,,1G,Y-AECY-1G03701C1,06/06/2026 22:11
MSCU6007557,3007557,,1G,Y-AECY-1G01002C1,06/06/2026 22:10
ONEY6007818,3007818,,1G,Y-AECY-1G02105C1,06/06/2026 22:10
GCXU6007699,3007699,,1G,Y-AECY-1G02707C1,06/06/2026 22:08
TRLU6006113,3006113,,1G,Y-AECY-1G04007C1,06/06/2026 22:07
MAEU6007817,3007817,,1G,Y-AECY-1G03505C1,06/06/2026 22:06
HLCU6004075,3004075,,1G,Y-AECY-1G04010C1,06/06/2026 22:05
MSCU6004782,3004782,,1G,Y-AECY-1G01702C1,06/06/2026 22:05
MSCU6003796,3003796,,1G,Y-AECY-1G03705C1,06/06/2026 22:04
MSCU6003507,3003507,,1G,Y-AECY-1G01504C1,06/06/2026 22:03
MAEU6006969,3006969,,1G,Y-AECY-1G01009C1,06/06/2026 22:01
GCXU6007816,3007816,,1G,Y-AECY-1G02008C2,06/06/2026 22:00
HLCU6004000,3004000,,1G,Y-AECY-1G00506C1,06/06/2026 21:58
TRLU6005070,3005070,,1G,Y-AECY-1G02708C1,06/06/2026 21:58
CMAU6000989,3000989,,1G,Y-AECY-1G02409C1,06/06/2026 21:57
GCXU6002110,3002110,,1G,Y-AECY-1G00710C1,06/06/2026 21:56
HLCU6000938,3000938,,1G,Y-AECY-1G00707C2,06/06/2026 21:55
ONEY6006233,3006233,,1G,Y-AECY-1G03403C1,06/06/2026 19:59
MAEU6007781,3007781,,1G,Y-AECY-1G02104C1,06/06/2026 19:58
HLCU6007782,3007782,,1G,Y-AECY-1G02604C1,06/06/2026 19:58
MAEU6000616,3000616,,1G,Y-AECY-1G03404C1,06/06/2026 19:56
CMAU6004713,3004713,,1G,Y-AECY-1G01408C1,06/06/2026 19:56
MAEU6002115,3002115,,1G,Y-AECY-1G00509C1,06/06/2026 19:54
MSCU6005501,3005501,,1G,Y-AECY-1G02001C1,06/06/2026 19:53
OOLU6006786,3006786,,1G,Y-AECY-1G03601C2,06/06/2026 19:52
OOLU6005924,3005924,,1G,Y-AECY-1G01609C1,06/06/2026 19:51
TRLU6005635,3005635,,1G,Y-AECY-1G01803C1,06/06/2026 19:50
GCXU6005551,3005551,,1G,Y-AECY-1G01702C2,06/06/2026 19:47
MAEU6007780,3007780,,1G,Y-AECY-1G02505C1,06/06/2026 19:44
ONEY6001083,3001083,,1G,Y-AECY-1G03701C2,06/06/2026 19:43
GCXU6007779,3007779,,1G,Y-AECY-1G01806C1,06/06/2026 19:43
ONEY6006456,3006456,,1G,Y-AECY-1G03205C1,06/06/2026 19:38
TRLU6007778,3007778,,1G,Y-AECY-1G02207C1,06/06/2026 19:37
MAEU6004574,3004574,,1G,Y-AECY-1G02709C1,06/06/2026 19:36
GCXU6000626,3000626,,1G,Y-AECY-1G02210C1,06/06/2026 19:34
GCXU6004681,3004681,,1G,Y-AECY-1G04006C1,06/06/2026 19:34
HLCU6005003,3005003,,1G,Y-AECY-1G03001C1,06/06/2026 19:33
MAEU6006945,3006945,,1G,Y-AECY-1G02001C2,06/06/2026 19:31
HLCU6007776,3007776,,1G,Y-AECY-1G01006C1,06/06/2026 19:31
CMAU6007508,3007508,,1G,Y-AECY-1G03902C1,06/06/2026 19:30
OOLU6000746,3000746,,1G,Y-AECY-1G02109C1,06/06/2026 19:28
HLCU6002164,3002164,,1G,Y-AECY-1G03703C1,06/06/2026 19:28
MAEU6001693,3001693,,1G,Y-AECY-1G03605C1,06/06/2026 19:27
CMAU6007775,3007775,,1G,Y-AECY-1G03610C1,06/06/2026 19:27
GCXU6003419,3003419,,1G,Y-AECY-1G02503C1,06/06/2026 19:24
MSCU6001248,3001248,,1G,Y-AECY-1G03401C1,06/06/2026 15:19
OOLU6000652,3000652,,1G,Y-AECY-1G01401C1,06/06/2026 15:18
MAEU6001473,3001473,,1G,Y-AECY-1G03903C1,06/06/2026 15:17
MAEU6006862,3006862,,1G,Y-AECY-1G01202C1,06/06/2026 15:13
HLCU6006471,3006471,,1G,Y-AECY-1G03002C1,06/06/2026 15:11
MAEU6005302,3005302,,1G,Y-AECY-1G02508C1,06/06/2026 15:09
CMAU6007668,3007668,,1G,Y-AECY-1G02705C1,06/06/2026 15:09
GCXU6001501,3001501,,1G,Y-AECY-1G03407C1,06/06/2026 15:08
CMAU6007713,3007713,,1G,Y-AECY-1G04008C1,06/06/2026 15:08
MSCU6002968,3002968,,1G,Y-AECY-1G00904C1,06/06/2026 15:04
MSCU6006257,3006257,,1G,Y-AECY-1G02106C1,06/06/2026 15:03
GCXU6002973,3002973,,1G,Y-AECY-1G02103C1,06/06/2026 14:59
TRLU6003573,3003573,,1G,Y-AECY-1G03409C1,06/06/2026 14:56
MAEU6005406,3005406,,1G,Y-AECY-1G02106C2,06/06/2026 14:55
HLCU6000620,3000620,,1G,Y-AECY-1G03704C1,06/06/2026 14:54
CMAU6003521,3003521,,1G,Y-AECY-1G03908C1,06/06/2026 14:54
CMAU6003162,3003162,,1G,Y-AECY-1G02401C2,06/06/2026 14:52
MAEU6007712,3007712,,1G,Y-AECY-1G00510C1,06/06/2026 14:52
CMAU6005572,3005572,,1G,Y-AECY-1G03506C1,06/06/2026 14:51
CMAU6006854,3006854,,1G,Y-AECY-1G02003C1,06/06/2026 14:50
TRLU6003275,3003275,,1G,Y-AECY-1G03906C1,06/06/2026 14:49
GCXU6006114,3006114,,1G,Y-AECY-1G00102C1,06/06/2026 14:45
CMAU6007710,3007710,,1G,Y-AECY-1G02308C1,06/06/2026 14:43
TRLU6002732,3002732,,1G,Y-AECY-1G00307C1,06/06/2026 14:42
MAEU6006671,3006671,,1G,Y-AECY-1G02910C1,06/06/2026 14:41
MSCU6007709,3007709,,1G,Y-AECY-1G02007C1,06/06/2026 14:40
OOLU6002811,3002811,,1G,Y-AECY-1G02606C1,06/06/2026 14:39
HLCU6007598,3007598,,1G,Y-AECY-1G03205C2,06/06/2026 14:37
MAEU6001631,3001631,,1G,Y-AECY-1G00701C1,06/06/2026 14:35
MSCU6005409,3005409,,1G,Y-AECY-1G03105C1,06/06/2026 14:35
TRLU6003607,3003607,,1G,Y-AECY-1G03609C1,06/06/2026 14:34
ONEY6006609,3006609,,1G,Y-AECY-1G01401C2,06/06/2026 14:33
MSCU6007708,3007708,,1G,Y-AECY-1G02606C2,06/06/2026 14:33
OOLU6007405,3007405,,1G,Y-AECY-1G03807C1,06/06/2026 14:30
OOLU6003194,3003194,,1G,Y-AECY-1G00408C1,06/06/2026 14:28
MAEU6007742,3007742,,1G,Y-AECY-1G03405C1,06/06/2026 14:27
MSCU6007741,3007741,,1G,Y-AECY-1G00101C1,06/06/2026 14:26
GCXU6006099,3006099,,1G,Y-AECY-1G02309C2,06/06/2026 14:23
ONEY6001201,3001201,,1G,Y-AECY-1G03805C1,06/06/2026 14:16
ONEY6007222,3007222,,1G,Y-AECY-1G02304C1,06/06/2026 14:14
OOLU6007739,3007739,,1G,Y-AECY-1G00804C1,06/06/2026 14:14
OOLU6006906,3006906,,1G,Y-AECY-1G02810C1,06/06/2026 14:12
ONEY6006725,3006725,,1G,Y-AECY-1G00203C1,06/06/2026 14:11
MSCU6005511,3005511,,1G,Y-AECY-1G00602C1,06/06/2026 14:08
MSCU6004769,3004769,,1G,Y-AECY-1G01410C1,06/06/2026 14:07
OOLU6005786,3005786,,1G,Y-AECY-1G01908C1,06/06/2026 14:04
ONEY6001214,3001214,,1G,Y-AECY-1G01606C1,06/06/2026 14:02
TRLU6004738,3004738,,1G,Y-AECY-1G01508C1,06/06/2026 14:00
CMAU6002510,3002510,,1G,Y-AECY-1G03301C1,06/06/2026 13:59
HLCU6007734,3007734,,1G,Y-AECY-1G01810C1,06/06/2026 13:58
GCXU6002951,3002951,,1G,Y-AECY-1G01307C1,06/06/2026 10:50
MAEU6002847,3002847,,1G,Y-AECY-1G02110C1,06/06/2026 10:48
CMAU6005711,3005711,,1G,Y-AECY-1G03001C2,06/06/2026 10:44
HLCU6007694,3007694,,1G,Y-AECY-1G00807C1,06/06/2026 10:43
ONEY6006064,3006064,,1G,Y-AECY-1G03704C2,06/06/2026 10:42
HLCU6005217,3005217,,1G,Y-AECY-1G01207C1,06/06/2026 10:41
OOLU6005582,3005582,,1G,Y-AECY-1G02202C1,06/06/2026 10:39
MSCU6000315,3000315,,1G,Y-AECY-1G02307C1,06/06/2026 10:38
OOLU6006656,3006656,,1G,Y-AECY-1G00206C1,06/06/2026 10:38
MAEU6004981,3004981,,1G,Y-AECY-1G02707C2,06/06/2026 10:35
TRLU6007643,3007643,,1G,Y-AECY-1G01805C1,06/06/2026 10:34
GCXU6002486,3002486,,1G,Y-AECY-1G00904C2,06/06/2026 10:33
CMAU6002326,3002326,,1G,Y-AECY-1G02407C1,06/06/2026 10:31
TRLU6005564,3005564,,1G,Y-AECY-1G00304C1,06/06/2026 10:28
TRLU6007642,3007642,,1G,Y-AECY-1G03004C1,06/06/2026 10:26
CMAU6006386,3006386,,1G,Y-AECY-1G01810C2,06/06/2026 10:25
GCXU6002438,3002438,,1G,Y-AECY-1G01709C1,06/06/2026 10:23
MSCU6007337,3007337,,1G,Y-AECY-1G03601C3,06/06/2026 10:23
HLCU6004277,3004277,,1G,Y-AECY-1G01110C1,06/06/2026 10:22
HLCU6001496,3001496,,1G,Y-AECY-1G00905C1,06/06/2026 10:20
HLCU6001020,3001020,,1G,Y-AECY-1G02709C2,06/06/2026 10:18
HLCU6007345,3007345,,1G,Y-AECY-1G03207C1,06/06/2026 10:17
MSCU6000791,3000791,,1G,Y-AECY-1G02309C3,06/06/2026 10:16
ONEY6007640,3007640,,1G,Y-AECY-1G01504C2,06/06/2026 10:16
CMAU6000370,3000370,,1G,Y-AECY-1G00306C1,06/06/2026 10:15
ONEY6004987,3004987,,1G,Y-AECY-1G02807C1,06/06/2026 10:15
GCXU6007531,3007531,,1G,Y-AECY-1G02510C1,06/06/2026 10:13
MAEU6003399,3003399,,1G,Y-AECY-1G03008C1,06/06/2026 10:12
CMAU6000565,3000565,,1G,Y-AECY-1G00302C1,06/06/2026 10:11
MSCU6002984,3002984,,1G,Y-AECY-1G02604C2,06/06/2026 10:11
OOLU6004961,3004961,,1G,Y-AECY-1G03906C2,06/06/2026 10:10
MSCU6007637,3007637,,1G,Y-AECY-1G02503C2,06/06/2026 10:10
HLCU6001313,3001313,,1G,Y-AECY-1G01908C2,06/06/2026 10:09
TRLU6002460,3002460,,1G,Y-AECY-1G02705C2,06/06/2026 10:08
TRLU6007047,3007047,,1G,Y-AECY-1G03506C2,06/06/2026 10:08
OOLU6007689,3007689,,1G,Y-AECY-1G01703C1,06/06/2026 09:59
GCXU6000188,3000188,,1G,Y-AECY-1G00710C2,06/06/2026 09:55
HLCU6006059,3006059,,1G,Y-AECY-1G01602C1,06/06/2026 09:54
MSCU6006152,3006152,,1G,Y-AECY-1G01707C1,06/06/2026 09:52
ONEY6007687,3007687,,1G,Y-AECY-1G00703C1,06/06/2026 09:49
GCXU6007686,3007686,,1G,Y-AECY-1G02201C1,06/06/2026 09:46
MAEU6002414,3002414,,1G,Y-AECY-1G02802C1,06/06/2026 09:45
MAEU6001936,3001936,,1G,Y-AECY-1G03710C1,06/06/2026 09:44
GCXU6007685,3007685,,1G,Y-AECY-1G03809C1,06/06/2026 09:43
CMAU6007677,3007677,,1G,Y-AECY-1G02110C2,06/06/2026 09:42
HLCU6000457,3000457,,1G,Y-AECY-1G02006C2,06/06/2026 09:40
GCXU6004553,3004553,,1G,Y-AECY-1G01301C1,06/06/2026 09:36
HLCU6007684,3007684,,1G,Y-AECY-1G03703C2,06/06/2026 09:36
OOLU6007026,3007026,,1G,Y-AECY-1G01903C1,06/06/2026 09:35
GCXU6004994,3004994,,1G,Y-AECY-1G00602C2,06/06/2026 09:33
HLCU6004797,3004797,,1G,Y-AECY-1G01602C2,06/06/2026 09:30
OOLU6000352,3000352,,1G,Y-AECY-1G00503C1,06/06/2026 09:28
CMAU6006127,3006127,,1G,Y-AECY-1G03907C1,06/06/2026 09:27
OOLU6001901,3001901,,1G,Y-AECY-1G01103C1,06/06/2026 09:17
ONEY6005542,3005542,,1G,Y-AECY-1G00402C1,06/06/2026 09:16
MSCU6004590,3004590,,1G,Y-AECY-1G02006C3,06/06/2026 09:12
OOLU6007577,3007577,,1G,Y-AECY-1G03706C1,06/06/2026 09:11
ONEY6003848,3003848,,1G,Y-AECY-1G00507C1,06/06/2026 09:09
MAEU6000585,3000585,,1G,Y-AECY-1G02403C1,06/06/2026 08:59
TRLU6007576,3007576,,1G,Y-AECY-1G00410C1,06/06/2026 08:59
CMAU6007522,3007522,,1G,Y-AECY-1G02305C1,06/06/2026 08:56
MAEU6004045,3004045,,1G,Y-AECY-1G01301C2,06/06/2026 08:54
TRLU6007574,3007574,,1G,Y-AECY-1G02007C2,06/06/2026 08:54
MSCU6002648,3002648,,1G,Y-AECY-1G03909C1,06/06/2026 08:51
TRLU6003349,3003349,,1G,Y-AECY-1G03905C1,06/06/2026 08:46
TRLU6007344,3007344,,1G,Y-AECY-1G00304C2,06/06/2026 08:44
CMAU6003954,3003954,,1G,Y-AECY-1G00704C1,06/06/2026 08:43
OOLU6001353,3001353,,1G,Y-AECY-1G02104C2,06/06/2026 06:35
ONEY6006103,3006103,,1G,Y-AECY-1G01702C3,06/06/2026 06:35
MSCU6007773,3007773,,1G,Y-AECY-1G01804C1,06/06/2026 06:34
OOLU6001384,3001384,,1G,Y-AECY-1G01301C3,06/06/2026 06:32
ONEY6003460,3003460,,1E,Y-AECY-1E03902C1,06/06/2026 06:31
MSCU6006781,3006781,,1E,Y-AECY-1E00404C1,06/06/2026 06:31
GCXU6007772,3007772,,1E,Y-AECY-1E00202C1,06/06/2026 06:31
MSCU6003017,3003017,,1E,Y-AECY-1E01102C1,06/06/2026 06:29
TRLU6006234,3006234,,1E,Y-AECY-1E01610C1,06/06/2026 06:29
MAEU6001344,3001344,,1E,Y-AECY-1E04002C1,06/06/2026 06:28
TRLU6007771,3007771,,1E,Y-AECY-1E03301C1,06/06/2026 06:28
MAEU6003939,3003939,,1E,Y-AECY-1E01401C1,06/06/2026 06:27
HLCU6004698,3004698,,1E,Y-AECY-1E03101C1,06/06/2026 06:26
GCXU6005473,3005473,,1E,Y-AECY-1E00801C1,06/06/2026 06:24
ONEY6002815,3002815,,1E,Y-AECY-1E00210C1,06/06/2026 06:23
HLCU6007120,3007120,,1E,Y-AECY-1E02010C1,06/06/2026 06:23
CMAU6007236,3007236,,1E,Y-AECY-1E02207C1,06/06/2026 06:21
MSCU6001450,3001450,,1E,Y-AECY-1E00707C1,06/06/2026 06:18
MAEU6003882,3003882,,1E,Y-AECY-1E01801C1,06/06/2026 06:17
OOLU6000627,3000627,,1E,Y-AECY-1E01404C1,06/06/2026 06:14
TRLU6001333,3001333,,1E,Y-AECY-1E00308C1,06/06/2026 06:13
OOLU6005852,3005852,,1E,Y-AECY-1E01804C1,06/06/2026 06:13
MSCU6002746,3002746,,1E,Y-AECY-1E00303C1,06/06/2026 06:09
ONEY6002771,3002771,,1E,Y-AECY-1E00901C1,06/06/2026 06:08
CMAU6002513,3002513,,1E,Y-AECY-1E00206C1,06/06/2026 06:07
MAEU6000072,3000072,,1E,Y-AECY-1E01310C1,06/06/2026 06:05
TRLU6004205,3004205,,1E,Y-AECY-1E00410C1,06/06/2026 06:03
TRLU6005256,3005256,,1E,Y-AECY-1E00904C1,06/06/2026 06:03
HLCU6002020,3002020,,1E,Y-AECY-1E01804C2,06/06/2026 03:57
ONEY6003931,3003931,,1E,Y-AECY-1E02006C1,06/06/2026 03:54
TRLU6007482,3007482,,1E,Y-AECY-1E01002C1,06/06/2026 03:53
MSCU6005292,3005292,,1E,Y-AECY-1E01504C1,06/06/2026 03:51
OOLU6007502,3007502,,1E,Y-AECY-1E02801C1,06/06/2026 03:50
GCXU6001644,3001644,,1E,Y-AECY-1E03103C1,06/06/2026 03:49
OOLU6007033,3007033,,1E,Y-AECY-1E03007C1,06/06/2026 03:49
OOLU6007632,3007632,,1E,Y-AECY-1E03005C1,06/06/2026 03:46
GCXU6003123,3003123,,1E,Y-AECY-1E00306C1,06/06/2026 03:45
MSCU6007257,3007257,,1E,Y-AECY-1E02702C1,06/06/2026 03:43
OOLU6007732,3007732,,1E,Y-AECY-1E02009C1,06/06/2026 03:43
HLCU6006245,3006245,,1E,Y-AECY-1E00908C1,06/06/2026 03:41
MSCU6005060,3005060,,1E,Y-AECY-1E00202C2,06/06/2026 03:40
MAEU6001526,3001526,,1E,Y-AECY-1E01903C1,06/06/2026 03:38
MAEU6005032,3005032,,1E,Y-AECY-1E03103C2,06/06/2026 03:35
ONEY6000422,3000422,,1E,Y-AECY-1E03802C1,06/06/2026 03:33
TRLU6007601,3007601,,1E,Y-AECY-1E02801C2,06/06/2026 03:33
OOLU6001073,3001073,,1E,Y-AECY-1E00207C1,06/06/2026 03:32
TRLU6007728,3007728,,1E,Y-AECY-1E02306C1,06/06/2026 03:32
CMAU6000286,3000286,,1E,Y-AECY-1E03210C1,06/06/2026 03:29
MSCU6000933,3000933,,1E,Y-AECY-1E03403C1,06/06/2026 03:26
MAEU6001387,3001387,,1E,Y-AECY-1E02804C1,06/06/2026 03:25
TRLU6000804,3000804,,1E,Y-AECY-1E02909C1,06/06/2026 03:22
CMAU6007134,3007134,,1E,Y-AECY-1E01506C1,06/06/2026 03:21
CMAU6007706,3007706,,1E,Y-AECY-1E02502C1,06/06/2026 01:21
CMAU6002287,3002287,,1E,Y-AECY-1E01507C1,06/06/2026 01:20
MAEU6000326,3000326,,1E,Y-AECY-1E03303C1,06/06/2026 01:16
HLCU6004240,3004240,,1E,Y-AECY-1E01802C1,06/06/2026 01:11
HLCU6000766,3000766,,1E,Y-AECY-1E00105C1,06/06/2026 01:09
MAEU6002367,3002367,,1E,Y-AECY-1E00909C1,06/06/2026 00:59
ONEY6003089,3003089,,1E,Y-AECY-1E02207C2,06/06/2026 00:53
ONEY6005094,3005094,,1E,Y-AECY-1E00503C1,06/06/2026 00:52
HLCU6000562,3000562,,1E,Y-AECY-1E01305C1,06/06/2026 00:51
CMAU6002670,3002670,,1E,Y-AECY-1E00208C1,06/06/2026 00:48
CMAU6007240,3007240,,1E,Y-AECY-1E01903C2,06/06/2026 00:43
MAEU6000291,3000291,,1E,Y-AECY-1E02808C1,06/06/2026 00:42
GCXU6007243,3007243,,1E,Y-AECY-1E03101C2,06/06/2026 00:41
MAEU6001421,3001421,,1E,Y-AECY-1E01006C1,06/06/2026 00:38
ONEY6006144,3006144,,1E,Y-AECY-1E00410C2,06/06/2026 00:37
ONEY6003740,3003740,,1E,Y-AECY-1E03405C1,06/06/2026 00:35
MAEU6004836,3004836,,1E,Y-AECY-1E01007C1,06/06/2026 00:35
GCXU6002380,3002380,,1E,Y-AECY-1E03404C1,06/06/2026 00:33
GCXU6007196,3007196,,1E,Y-AECY-1E00205C1,06/06/2026 00:30
MAEU6007296,3007296,,1E,Y-AECY-1E02202C1,06/06/2026 00:30
OOLU6000564,3000564,,1E,Y-AECY-1E02501C1,06/05/2026 22:32
MAEU6006985,3006985,,1E,Y-AECY-1E01303C1,06/05/2026 22:31
GCXU6007608,3007608,,1E,Y-AECY-1E01109C1,06/05/2026 22:30
CMAU6006828,3006828,,1E,Y-AECY-1E02709C1,06/05/2026 22:29
MAEU6005955,3005955,,1E,Y-AECY-1E03401C1,06/05/2026 22:28
TRLU6002087,3002087,,1E,Y-AECY-1E02403C1,06/05/2026 22:26
HLCU6003566,3003566,,1E,Y-AECY-1E00309C1,06/05/2026 22:26
GCXU6007605,3007605,,1E,Y-AECY-1E00704C1,06/05/2026 22:22
HLCU6003030,3003030,,1E,Y-AECY-1E01005C1,06/05/2026 22:20
MSCU6005961,3005961,,1E,Y-AECY-1E03909C1,06/05/2026 22:18
OOLU6005770,3005770,,1E,Y-AECY-1E02406C1,06/05/2026 22:16
OOLU6006693,3006693,,1E,Y-AECY-1E02106C1,06/05/2026 22:16
TRLU6001202,3001202,,1E,Y-AECY-1E00802C1,06/05/2026 22:15
MAEU6004744,3004744,,1E,Y-AECY-1E01303C2,06/05/2026 22:14
HLCU6006332,3006332,,1E,Y-AECY-1E00304C1,06/05/2026 22:13
OOLU6003629,3003629,,1E,Y-AECY-1E02304C1,06/05/2026 22:12
MAEU6001412,3001412,,1E,Y-AECY-1E04010C1,06/05/2026 22:09
TRLU6004393,3004393,,1E,Y-AECY-1E00710C1,06/05/2026 22:09
MAEU6007633,3007633,,1E,Y-AECY-1E00907C1,06/05/2026 22:08
CMAU6007604,3007604,,1E,Y-AECY-1E02005C1,06/05/2026 22:08
HLCU6005015,3005015,,1E,Y-AECY-1E00109C1,06/05/2026 22:07
HLCU6007245,3007245,,1E,Y-AECY-1E01507C2,06/05/2026 22:07
TRLU6004546,3004546,,1E,Y-AECY-1E00807C1,06/05/2026 22:05
MAEU6004702,3004702,,1E,Y-AECY-1E02107C1,06/05/2026 22:05
ONEY6005054,3005054,,1E,Y-AECY-1E04004C1,06/05/2026 22:04
GCXU6005708,3005708,,1E,Y-AECY-1E00309C2,06/05/2026 22:03
MSCU6003533,3003533,,1E,Y-AECY-1E02703C1,06/05/2026 22:02
HLCU6007602,3007602,,1E,Y-AECY-1E00704C2,06/05/2026 22:01
MAEU6007122,3007122,,1E,Y-AECY-1E02005C2,06/05/2026 22:00
MSCU6002879,3002879,,1E,Y-AECY-1E02806C1,06/05/2026 21:50
OOLU6006380,3006380,,1E,Y-AECY-1E01705C1,06/05/2026 21:50
OOLU6002742,3002742,,1E,Y-AECY-1E01505C1,06/05/2026 21:48
OOLU6002033,3002033,,1E,Y-AECY-1E03201C1,06/05/2026 21:46
GCXU6007631,3007631,,1E,Y-AECY-1E01603C1,06/05/2026 21:45
GCXU6004830,3004830,,1E,Y-AECY-1E01008C1,06/05/2026 21:42
MAEU6003411,3003411,,1E,Y-AECY-1E01301C1,06/05/2026 21:34
HLCU6006254,3006254,,1E,Y-AECY-1E01402C1,06/05/2026 21:33
GCXU6006780,3006780,,1E,Y-AECY-1E03501C1,06/05/2026 21:31
ONEY6001765,3001765,,1E,Y-AECY-1E00107C1,06/05/2026 21:30
OOLU6002572,3002572,,1E,Y-AECY-1E00201C1,06/05/2026 21:29
ONEY6000550,3000550,,1E,Y-AECY-1E04006C1,06/05/2026 21:28
GCXU6007616,3007616,,1E,Y-AECY-1E03701C1,06/05/2026 21:20
ONEY6006359,3006359,,1E,Y-AECY-1E00103C1,06/05/2026 21:19
TRLU6002493,3002493,,1E,Y-AECY-1E02001C1,06/05/2026 21:17
OOLU6001506,3001506,,1E,Y-AECY-1E03310C1,06/05/2026 21:15
ONEY6003149,3003149,,1E,Y-AECY-1E01603C2,06/05/2026 20:54
CMAU6001416,3001416,,1E,Y-AECY-1E00107C2,06/05/2026 20:49
ONEY6001852,3001852,,1E,Y-AECY-1E02604C1,06/05/2026 20:48
TRLU6007571,3007571,,1E,Y-AECY-1E02309C1,06/05/2026 20:48
OOLU6006551,3006551,,1E,Y-AECY-1E00909C2,06/05/2026 20:45
MAEU6006758,3006758,,1E,Y-AECY-1E00106C1,06/05/2026 20:45
GCXU6006350,3006350,,1E,Y-AECY-1E01802C2,06/05/2026 20:43
CMAU6007682,3007682,,1E,Y-AECY-1E03402C1,06/05/2026 20:43
MSCU6002873,3002873,,1E,Y-AECY-1E00210C2,06/05/2026 20:42
TRLU6003841,3003841,,1E,Y-AECY-1E02106C2,06/05/2026 20:42
MAEU6001728,3001728,,1E,Y-AECY-1E00105C2,06/05/2026 20:41
MSCU6003538,3003538,,1E,Y-AECY-1E01710C1,06/05/2026 20:40
HLCU6007396,3007396,,1E,Y-AECY-1E02202C2,06/05/2026 20:40
HLCU6005908,3005908,,1E,Y-AECY-1E02101C1,06/05/2026 20:39
OOLU6000692,3000692,,1E,Y-AECY-1E01009C1,06/05/2026 20:38
OOLU6007568,3007568,,1E,Y-AECY-1E00608C1,06/05/2026 20:37
ONEY6003236,3003236,,1E,Y-AECY-1E01708C1,06/05/2026 20:35
MAEU6007213,3007213,,1E,Y-AECY-1E02609C1,06/05/2026 20:35
CMAU6006821,3006821,,1E,Y-AECY-1E03902C2,06/05/2026 20:34
ONEY6004757,3004757,,1E,Y-AECY-1E03803C1,06/05/2026 20:33
OOLU6006796,3006796,,1E,Y-AECY-1E00503C2,06/05/2026 20:33
OOLU6007567,3007567,,1E,Y-AECY-1E03706C1,06/05/2026 20:30
HLCU6006139,3006139,,1E,Y-AECY-1E03610C1,06/05/2026 20:26
ONEY6006441,3006441,,1E,Y-AECY-1E02507C1,06/05/2026 20:25
CMAU6001228,3001228,,1E,Y-AECY-1E03701C2,06/05/2026 20:24
GCXU6007679,3007679,,1E,Y-AECY-1E01306C1,06/05/2026 20:24
ONEY6000008,3000008,,1E,Y-AECY-1E03501C2,06/05/2026 20:23
MSCU6006388,3006388,,1E,Y-AECY-1E01804C3,06/05/2026 20:19
MSCU6001976,3001976,,1E,Y-AECY-1E01704C1,06/05/2026 20:18
MAEU6005488,3005488,,1E,Y-AECY-1E03008C1,06/05/2026 20:18
ONEY6005639,3005639,,1E,Y-AECY-1E03003C1,06/05/2026 20:17
OOLU6000455,3000455,,1E,Y-AECY-1E03505C1,06/05/2026 20:14
MAEU6001720,3001720,,1E,Y-AECY-1E00709C1,06/05/2026 20:14
MSCU6004405,3004405,,1E,Y-AECY-1E03405C2,06/05/2026 20:13
GCXU6003152,3003152,,1E,Y-AECY-1E01609C1,06/05/2026 20:12
GCXU6003250,3003250,,1E,Y-AECY-1E00502C1,06/05/2026 20:12
CMAU6004723,3004723,,1E,Y-AECY-1E00607C1,06/05/2026 20:11
ONEY6004817,3004817,,1E,Y-AECY-1E03003C2,06/05/2026 20:09
ONEY6007229,3007229,,1E,Y-AECY-1E01003C1,06/05/2026 20:09
MSCU6003155,3003155,,1E,Y-AECY-1E02605C1,06/05/2026 20:08
TRLU6007675,3007675,,1E,Y-AECY-1E01903C3,06/05/2026 20:08
CMAU6006885,3006885,,1E,Y-AECY-1E03608C1,06/05/2026 20:05
GCXU6006083,3006083,,1E,Y-AECY-1E02802C1,06/05/2026 20:03
MSCU6000429,3000429,,1E,Y-AECY-1E01709C1,06/05/2026 19:59
CMAU6005802,3005802,,1E,Y-AECY-1E00908C2,06/05/2026 19:56
HLCU6000775,3000775,,1E,Y-AECY-1E00810C1,06/05/2026 19:55
CMAU6007518,3007518,,1E,Y-AECY-1E03410C1,06/05/2026 19:42
HLCU6001053,3001053,,1E,Y-AECY-1E03009C1,06/05/2026 19:37
TRLU6007386,3007386,,1E,Y-AECY-1E02601C1,06/05/2026 19:36
HLCU6004181,3004181,,1E,Y-AECY-1E02009C2,06/05/2026 19:35
ONEY6005034,3005034,,1E,Y-AECY-1E00107C3,06/05/2026 19:34
TRLU6001471,3001471,,1E,Y-AECY-1E02509C1,06/05/2026 19:33
OOLU6000175,3000175,,1E,Y-AECY-1E00702C1,06/05/2026 10:17
HLCU6000251,3000251,,1E,Y-AECY-1E01008C2,06/05/2026 10:13
MSCU6003534,3003534,,1E,Y-AECY-1E00905C1,06/05/2026 10:12
GCXU6004683,3004683,,1E,Y-AECY-1E00109C2,06/05/2026 10:12
TRLU6000089,3000089,,1E,Y-AECY-1E00602C1,06/05/2026 10:05
MAEU6004690,3004690,,1E,Y-AECY-1E00808C1,06/05/2026 09:58
ONEY6005075,3005075,,1E,Y-AECY-1E02706C1,06/05/2026 09:58
TRLU6007697,3007697,,1E,Y-AECY-1E00406C1,06/05/2026 09:54
ONEY6000485,3000485,,1E,Y-AECY-1E03709C1,06/05/2026 09:51
HLCU6003456,3003456,,1E,Y-AECY-1E02208C1,06/05/2026 09:50
MAEU6005428,3005428,,1E,Y-AECY-1E02401C1,06/05/2026 09:47
HLCU6001312,3001312,,1E,Y-AECY-1E04006C2,06/05/2026 09:41
OOLU6000721,3000721,,1E,Y-AECY-1E02702C2,06/05/2026 09:37
OOLU6006215,3006215,,1E,Y-AECY-1E03507C1,06/05/2026 09:36
CMAU6003128,3003128,,1E,Y-AECY-1E02710C1,06/05/2026 09:33
OOLU6001272,3001272,,1E,Y-AECY-1E02110C1,06/05/2026 09:23
HLCU6007543,3007543,,1E,Y-AECY-1E00202C3,06/05/2026 09:21
TRLU6005111,3005111,,1E,Y-AECY-1E03701C3,06/05/2026 09:20
HLCU6006589,3006589,,1E,Y-AECY-1E02207C3,06/05/2026 09:20
GCXU6007000,3007000,,1E,Y-AECY-1E00103C2,06/05/2026 09:19
MSCU6004832,3004832,,1E,Y-AECY-1E00601C1,06/05/2026 09:18
OOLU6005636,3005636,,1E,Y-AECY-1E00208C2,06/05/2026 09:18
ONEY6006804,3006804,,1E,Y-AECY-1E00305C1,06/05/2026 09:16
MSCU6007491,3007491,,1E,Y-AECY-1E01801C2,06/05/2026 09:15
GCXU6006932,3006932,,1E,Y-AECY-1E03706C2,06/05/2026 09:14
MAEU6004159,3004159,,1E,Y-AECY-1E00410C3,06/05/2026 09:13
HLCU6001121,3001121,,1E,Y-AECY-1E01601C1,06/05/2026 09:12
MSCU6001136,3001136,,1E,Y-AECY-1E00904C2,06/05/2026 09:12
HLCU6001381,3001381,,1E,Y-AECY-1E03907C1,06/05/2026 09:12
HLCU6000146,3000146,,1E,Y-AECY-1E00709C2,06/05/2026 09:11
HLCU6005850,3005850,,1E,Y-AECY-1E02701C1,06/05/2026 09:11
CMAU6007600,3007600,,1E,Y-AECY-1E02409C1,06/05/2026 09:11
MSCU6002317,3002317,,1E,Y-AECY-1E02106C3,06/05/2026 09:10
MAEU6002291,3002291,,1E,Y-AECY-1E01610C2,06/05/2026 09:09
MAEU6007528,3007528,,1E,Y-AECY-1E02805C1,06/05/2026 09:09
MSCU6002627,3002627,,1C,Y-AECY-1C01101C1,06/05/2026 09:06
MSCU6001648,3001648,,1C,Y-AECY-1C01005C1,06/05/2026 09:05
HLCU6001877,3001877,,1C,Y-AECY-1C00503C1,06/05/2026 09:04
MAEU6002711,3002711,,1C,Y-AECY-1C03804C1,06/05/2026 09:04
MSCU6005087,3005087,,1C,Y-AECY-1C00902C1,06/05/2026 09:04
GCXU6003229,3003229,,1C,Y-AECY-1C02801C1,06/05/2026 09:03
ONEY6005204,3005204,,1C,Y-AECY-1C00702C1,06/05/2026 09:03
CMAU6001577,3001577,,1C,Y-AECY-1C03809C1,06/05/2026 09:02
MAEU6007629,3007629,,1C,Y-AECY-1C03901C1,06/05/2026 09:02
OOLU6005355,3005355,,1C,Y-AECY-1C01303C1,06/05/2026 09:01
MAEU6003495,3003495,,1C,Y-AECY-1C00501C1,06/05/2026 09:00
CMAU6005555,3005555,,1C,Y-AECY-1C00903C1,06/05/2026 09:00
ONEY6006495,3006495,,1C,Y-AECY-1C02210C1,06/05/2026 09:00
CMAU6007539,3007539,,1C,Y-AECY-1C00507C1,06/05/2026 09:00
MSCU6000329,3000329,,1C,Y-AECY-1C03304C1,06/05/2026 08:59
MSCU6005828,3005828,,1C,Y-AECY-1C02910C1,06/05/2026 08:57
HLCU6006015,3006015,,1C,Y-AECY-1C02109C1,06/05/2026 08:57
CMAU6001337,3001337,,1C,Y-AECY-1C01707C1,06/05/2026 08:55
GCXU6006660,3006660,,1C,Y-AECY-1C02806C1,06/05/2026 08:54
ONEY6007627,3007627,,1C,Y-AECY-1C03706C1,06/05/2026 08:47
CMAU6007261,3007261,,1C,Y-AECY-1C01005C2,06/05/2026 08:45
CMAU6001356,3001356,,1C,Y-AECY-1C01708C1,06/05/2026 08:44
GCXU6005640,3005640,,1C,Y-AECY-1C04005C1,06/05/2026 08:42
MAEU6002261,3002261,,1C,Y-AECY-1C01101C2,06/05/2026 08:40
ONEY6000613,3000613,,1C,Y-AECY-1C00807C1,06/05/2026 08:32
HLCU6007622,3007622,,1C,Y-AECY-1C04010C1,06/05/2026 08:24
MSCU6007620,3007620,,1C,Y-AECY-1C00303C1,06/05/2026 08:22
ONEY6001401,3001401,,1C,Y-AECY-1C03509C1,06/05/2026 08:20
MAEU6004816,3004816,,1C,Y-AECY-1C01202C1,06/05/2026 06:42
MAEU6002203,3002203,,1C,Y-AECY-1C03409C1,06/05/2026 06:40
OOLU6006026,3006026,,1C,Y-AECY-1C03704C1,06/05/2026 06:40
HLCU6006632,3006632,,1C,Y-AECY-1C02810C1,06/05/2026 06:37
MAEU6007369,3007369,,1C,Y-AECY-1C00407C1,06/05/2026 06:36
TRLU6000514,3000514,,1C,Y-AECY-1C02902C1,06/05/2026 06:34
GCXU6001087,3001087,,1C,Y-AECY-1C03810C1,06/05/2026 06:31
MSCU6004956,3004956,,1C,Y-AECY-1C02007C1,06/05/2026 06:26
MAEU6005487,3005487,,1C,Y-AECY-1C01602C1,06/05/2026 06:26
OOLU6007513,3007513,,1C,Y-AECY-1C01405C1,06/05/2026 06:25
MAEU6007456,3007456,,1C,Y-AECY-1C01307C1,06/05/2026 06:18
GCXU6004219,3004219,,1C,Y-AECY-1C00304C1,06/05/2026 06:15
TRLU6001267,3001267,,1C,Y-AECY-1C02402C1,06/05/2026 06:12
CMAU6006486,3006486,,1C,Y-AECY-1C03903C1,06/05/2026 06:08
OOLU6003748,3003748,,1C,Y-AECY-1C00403C1,06/05/2026 05:14
TRLU6007481,3007481,,1C,Y-AECY-1C00206C1,06/05/2026 05:10
GCXU6007566,3007566,,1C,Y-AECY-1C01003C1,06/05/2026 05:06
GCXU6007464,3007464,,1C,Y-AECY-1C00405C1,06/05/2026 05:04
MSCU6006079,3006079,,1C,Y-AECY-1C02309C1,06/05/2026 05:02
OOLU6006238,3006238,,1C,Y-AECY-1C02908C1,06/05/2026 05:01
ONEY6006168,3006168,,1C,Y-AECY-1C01701C1,06/05/2026 04:57
ONEY6001261,3001261,,1C,Y-AECY-1C01410C1,06/05/2026 04:56
HLCU6002289,3002289,,1C,Y-AECY-1C01002C1,06/05/2026 04:55
OOLU6007445,3007445,,1C,Y-AECY-1C02708C1,06/05/2026 04:54
HLCU6004612,3004612,,1C,Y-AECY-1C00803C1,06/05/2026 04:51
GCXU6006654,3006654,,1C,Y-AECY-1C00901C1,06/05/2026 04:49
GCXU6006768,3006768,,1C,Y-AECY-1C03406C1,06/05/2026 04:49
GCXU6007562,3007562,,1C,Y-AECY-1C00604C1,06/05/2026 04:47
MAEU6005923,3005923,,1C,Y-AECY-1C01403C1,06/05/2026 04:45
TRLU6007560,3007560,,1C,Y-AECY-1C00307C1,06/05/2026 04:41
TRLU6003315,3003315,,1C,Y-AECY-1C01302C1,06/05/2026 03:10
ONEY6006749,3006749,,1C,Y-AECY-1C02408C1,06/05/2026 03:08
TRLU6002777,3002777,,1C,Y-AECY-1C03209C1,06/05/2026 03:05
MAEU6001146,3001146,,1C,Y-AECY-1C03710C1,06/05/2026 03:02
GCXU6005777,3005777,,1C,Y-AECY-1C02206C1,06/05/2026 03:01
MAEU6006313,3006313,,1C,Y-AECY-1C01205C1,06/05/2026 02:59
MAEU6006396,3006396,,1C,Y-AECY-1C01606C1,06/05/2026 02:58
MSCU6000758,3000758,,1C,Y-AECY-1C00307C2,06/05/2026 02:57
GCXU6007050,3007050,,1C,Y-AECY-1C00410C1,06/05/2026 02:57
GCXU6006957,3006957,,1C,Y-AECY-1C02004C1,06/05/2026 02:55
CMAU6005891,3005891,,1C,Y-AECY-1C01505C1,06/05/2026 02:42
OOLU6000856,3000856,,1C,Y-AECY-1C03205C1,06/05/2026 02:39
MAEU6001298,3001298,,1C,Y-AECY-1C00108C1,06/05/2026 02:36
GCXU6000557,3000557,,1C,Y-AECY-1C02501C1,06/05/2026 02:34
MSCU6007346,3007346,,1C,Y-AECY-1C03201C1,06/05/2026 02:27
CMAU6007506,3007506,,1C,Y-AECY-1C01103C1,06/05/2026 02:27
GCXU6007505,3007505,,1C,Y-AECY-1C02408C2,06/05/2026 02:26
MSCU6007504,3007504,,1C,Y-AECY-1C00605C1,06/05/2026 02:22
HLCU6001497,3001497,,1C,Y-AECY-1C03010C1,06/04/2026 20:08
ONEY6005136,3005136,,1C,Y-AECY-1C02706C1,06/04/2026 20:05
MSCU6003964,3003964,,1C,Y-AECY-1C02508C1,06/04/2026 20:01
OOLU6005769,3005769,,1C,Y-AECY-1C01306C1,06/04/2026 20:01
ONEY6000902,3000902,,1C,Y-AECY-1C00807C2,06/04/2026 19:54
TRLU6004485,3004485,,1C,Y-AECY-1C01309C1,06/04/2026 19:48
GCXU6003301,3003301,,1C,Y-AECY-1C03510C1,06/04/2026 19:47
TRLU6006565,3006565,,1C,Y-AECY-1C02807C1,06/04/2026 19:44
OOLU6001111,3001111,,1C,Y-AECY-1C03410C1,06/04/2026 19:41
TRLU6006554,3006554,,1C,Y-AECY-1C00105C1,06/04/2026 19:41
CMAU6007363,3007363,,1C,Y-AECY-1C02309C2,06/04/2026 19:40
OOLU6005486,3005486,,1C,Y-AECY-1C00608C1,06/04/2026 18:33
MSCU6000349,3000349,,1C,Y-AECY-1C02102C1,06/04/2026 18:28
HLCU6000156,3000156,,1C,Y-AECY-1C03906C1,06/04/2026 18:24
GCXU6003611,3003611,,1C,Y-AECY-1C03405C1,06/04/2026 18:22
MSCU6003210,3003210,,1C,Y-AECY-1C00506C1,06/04/2026 18:20
OOLU6002823,3002823,,1C,Y-AECY-1C03304C2,06/04/2026 18:13
CMAU6007409,3007409,,1C,Y-AECY-1C01610C1,06/04/2026 18:07
MAEU6005176,3005176,,1C,Y-AECY-1C02503C1,06/04/2026 18:05
TRLU6001670,3001670,,1C,Y-AECY-1C02303C1,06/04/2026 18:03
OOLU6003946,3003946,,1C,Y-AECY-1C02610C1,06/04/2026 18:02
HLCU6002091,3002091,,1C,Y-AECY-1C02602C1,06/04/2026 18:01
CMAU6001257,3001257,,1C,Y-AECY-1C02807C2,06/04/2026 18:00
GCXU6006846,3006846,,1C,Y-AECY-1C02407C1,06/04/2026 17:59
MSCU6002010,3002010,,1C,Y-AECY-1C01605C1,06/04/2026 17:58
MSCU6005007,3005007,,1C,Y-AECY-1C02606C1,06/04/2026 17:56
HLCU6005394,3005394,,1C,Y-AECY-1C02808C1,06/04/2026 17:56
MAEU6003723,3003723,,1C,Y-AECY-1C03102C1,06/04/2026 17:55
TRLU6000253,3000253,,1C,Y-AECY-1C03402C1,06/04/2026 17:54
MAEU6007595,3007595,,1C,Y-AECY-1C01606C2,06/04/2026 17:54
ONEY6001388,3001388,,1C,Y-AECY-1C02101C1,06/04/2026 17:53
HLCU6005633,3005633,,1C,Y-AECY-1C01106C1,06/04/2026 17:53
GCXU6005506,3005506,,1C,Y-AECY-1C00203C1,06/04/2026 17:52
MAEU6001075,3001075,,1C,Y-AECY-1C03009C1,06/04/2026 17:51
MSCU6003278,3003278,,1C,Y-AECY-1C03809C2,06/04/2026 17:51
HLCU6004562,3004562,,1C,Y-AECY-1C03104C1,06/04/2026 17:51
MAEU6007593,3007593,,1C,Y-AECY-1C02306C1,06/04/2026 17:50
MSCU6005753,3005753,,1C,Y-AECY-1C01210C1,06/04/2026 17:49
HLCU6007592,3007592,,1C,Y-AECY-1C00709C1,06/04/2026 17:49
ONEY6003132,3003132,,1C,Y-AECY-1C00906C1,06/04/2026 17:48
MSCU6004149,3004149,,1C,Y-AECY-1C03304C3,06/04/2026 17:48
HLCU6007081,3007081,,1C,Y-AECY-1C03601C1,06/04/2026 17:45
MSCU6002554,3002554,,1C,Y-AECY-1C00502C1,06/04/2026 17:44
ONEY6004869,3004869,,1C,Y-AECY-1C00710C1,06/04/2026 17:44
HLCU6002721,3002721,,1C,Y-AECY-1C01910C1,06/04/2026 17:43
GCXU6003746,3003746,,1C,Y-AECY-1C03501C1,06/04/2026 17:38
TRLU6002618,3002618,,1C,Y-AECY-1C00604C2,06/04/2026 17:35
MAEU6007177,3007177,,1C,Y-AECY-1C00402C1,06/04/2026 17:34
CMAU6001315,3001315,,1C,Y-AECY-1C01401C1,06/04/2026 17:33
MSCU6001005,3001005,,1C,Y-AECY-1C03103C1,06/04/2026 17:32
ONEY6003023,3003023,,1C,Y-AECY-1C03908C1,06/04/2026 17:32
HLCU6005053,3005053,,1C,Y-AECY-1C02006C1,06/04/2026 17:32
MSCU6007663,3007663,,1C,Y-AECY-1C01510C1,06/04/2026 17:31
HLCU6004792,3004792,,1C,Y-AECY-1C00302C1,06/04/2026 17:30
GCXU6004422,3004422,,1C,Y-AECY-1C02710C1,06/04/2026 17:29
MSCU6006981,3006981,,1C,Y-AECY-1C00310C1,06/04/2026 17:25
CMAU6006338,3006338,,1C,Y-AECY-1C02705C1,06/04/2026 17:12
GCXU6007656,3007656,,1C,Y-AECY-1C01509C1,06/04/2026 17:08
MSCU6007556,3007556,,1C,Y-AECY-1C00207C1,06/04/2026 14:15
TRLU6007554,3007554,,1C,Y-AECY-1C01607C1,06/04/2026 14:14
GCXU6001404,3001404,,1C,Y-AECY-1C00907C1,06/04/2026 14:11
GCXU6007553,3007553,,1C,Y-AECY-1C02405C1,06/04/2026 14:08
TRLU6002263,3002263,,1C,Y-AECY-1C01504C1,06/04/2026 14:04
OOLU6005071,3005071,,1C,Y-AECY-1C01804C1,06/04/2026 12:27
MAEU6005694,3005694,,1C,Y-AECY-1C03003C1,06/04/2026 12:17
TRLU6006603,3006603,,1C,Y-AECY-1C01706C1,06/04/2026 12:11
HLCU6004789,3004789,,1C,Y-AECY-1C00706C1,06/04/2026 12:09
ONEY6001061,3001061,,1C,Y-AECY-1C03709C1,06/04/2026 12:08
MAEU6005893,3005893,,1C,Y-AECY-1C00503C2,06/04/2026 12:04
MSCU6003175,3003175,,1C,Y-AECY-1C00905C1,06/04/2026 11:59
HLCU6003564,3003564,,1C,Y-AECY-1C01901C1,06/04/2026 11:59
GCXU6006678,3006678,,1C,Y-AECY-1C02910C2,06/04/2026 11:51
OOLU6005257,3005257,,1C,Y-AECY-1C03903C2,06/04/2026 11:48
HLCU6006785,3006785,,1C,Y-AECY-1C01007C1,06/04/2026 11:38
TRLU6002995,3002995,,1C,Y-AECY-1C03301C1,06/04/2026 11:36
CMAU6000987,3000987,,1C,Y-AECY-1C00504C1,06/04/2026 06:35
HLCU6002498,3002498,,1C,Y-AECY-1C01202C2,06/04/2026 06:34
GCXU6004606,3004606,,1C,Y-AECY-1C02202C1,06/04/2026 06:34
HLCU6005723,3005723,,1C,Y-AECY-1C02507C1,06/04/2026 06:30
MAEU6007529,3007529,,1C,Y-AECY-1C02504C1,06/04/2026 06:26
MAEU6006638,3006638,,1C,Y-AECY-1C02604C1,06/04/2026 06:23
GCXU6001773,3001773,,1C,Y-AECY-1C03806C1,06/04/2026 06:20
MSCU6007381,3007381,,1C,Y-AECY-1C03401C1,06/04/2026 06:18
MSCU6001000,3001000,,1C,Y-AECY-1C03107C1,06/04/2026 06:13
TRLU6007406,3007406,,1C,Y-AECY-1C01807C1,06/04/2026 06:03
CMAU6001231,3001231,,1C,Y-AECY-1C02910C3,06/04/2026 06:00
GCXU6006415,3006415,,1C,Y-AECY-1C02709C1,06/04/2026 05:51
HLCU6002594,3002594,,1C,Y-AECY-1C00907C2,06/04/2026 05:44
OOLU6006308,3006308,,1C,Y-AECY-1C03601C2,06/04/2026 05:44
GCXU6005518,3005518,,1C,Y-AECY-1C01608C1,06/04/2026 05:41
GCXU6007653,3007653,,1C,Y-AECY-1C00602C1,06/04/2026 03:39
CMAU6002994,3002994,,1C,Y-AECY-1C03510C2,06/04/2026 03:35
ONEY6003681,3003681,,1C,Y-AECY-1C00102C1,06/04/2026 03:26
GCXU6007651,3007651,,1C,Y-AECY-1C00401C1,06/04/2026 03:20
MSCU6007287,3007287,,1C,Y-AECY-1C01801C1,06/04/2026 03:07
MAEU6000785,3000785,,1C,Y-AECY-1C01305C1,06/04/2026 03:05
MSCU6001017,3001017,,1C,Y-AECY-1C01402C1,06/04/2026 03:03
MSCU6005554,3005554,,1C,Y-AECY-1C01705C1,06/04/2026 03:01
OOLU6007648,3007648,,1C,Y-AECY-1C02805C1,06/04/2026 02:59
TRLU6007646,3007646,,1C,Y-AECY-1C00608C2,06/04/2026 02:54
HLCU6000887,3000887,,1C,Y-AECY-1C02310C1,06/04/2026 02:46
HLCU6003600,3003600,,1C,Y-AECY-1C03001C1,06/04/2026 02:43
GCXU6000877,3000877,,1C,Y-AECY-1C02901C1,06/04/2026 02:41
TRLU6007152,3007152,,1C,Y-AECY-1C00105C2,06/04/2026 02:37
ONEY6000951,3000951,,1C,Y-AECY-1C03210C1,06/04/2026 02:30
HLCU6007609,3007609,,1C,Y-AECY-1C02804C1,06/04/2026 02:24
GCXU6005602,3005602,,1C,Y-AECY-1C03206C1,06/04/2026 01:03
MAEU6006744,3006744,,1C,Y-AECY-1C01109C1,06/04/2026 00:57
MSCU6007587,3007587,,1C,Y-AECY-1C03408C1,06/04/2026 00:56
CMAU6004734,3004734,,1C,Y-AECY-1C03809C3,06/04/2026 00:54
TRLU6007586,3007586,,1C,Y-AECY-1C00306C1,06/04/2026 00:53
GCXU6001565,3001565,,1C,Y-AECY-1C00102C2,06/04/2026 00:50
MAEU6007233,3007233,,1C,Y-AECY-1C03802C1,06/04/2026 00:49
TRLU6007582,3007582,,1C,Y-AECY-1C01202C3,06/04/2026 00:42
MSCU6003436,3003436,,1C,Y-AECY-1C02607C1,06/04/2026 00:36
OOLU6001590,3001590,,1C,Y-AECY-1C03410C2,06/04/2026 00:20
OOLU6006255,3006255,,1C,Y-AECY-1C02209C1,06/04/2026 00:18
HLCU6007448,3007448,,1C,Y-AECY-1C01608C2,06/04/2026 00:09
HLCU6006138,3006138,,1C,Y-AECY-1C02201C1,06/04/2026 00:07
OOLU6006666,3006666,,1C,Y-AECY-1C01710C1,06/03/2026 23:54
MSCU6000513,3000513,,1C,Y-AECY-1C03408C2,06/03/2026 23:53
MSCU6007544,3007544,,1C,Y-AECY-1C02204C1,06/03/2026 23:53
MSCU6002888,3002888,,1C,Y-AECY-1C03810C2,06/03/2026 23:51
HLCU6004526,3004526,,1C,Y-AECY-1C00402C2,06/03/2026 23:41
